**********************
PowerShell transcript start
Start time: 20260829050948
Username: DIGILLIAWEBLT\James
RunAs User: DIGILLIAWEBLT\James
Configuration Name: 
Machine: DIGILLIAWEBLT (Microsoft Windows NT 10.0.26220.0)
Host Application: C:\Program Files\WindowsApps\Microsoft.PowerShellPreview_7.7.3.0_x64__8wekyb3d8bbwe\pwsh.dll
Process ID: 24832
PSVersion: 7.7.0-preview.3
PSEdition: Core
GitCommitId: 7.7.0-preview.3
OS: Microsoft Windows 10.0.26220
Platform: Win32NT
PSCompatibleVersions: 1.0, 2.0, 3.0, 4.0, 5.0, 5.1, 6.0, 7.0
PSRemotingProtocolVersion: 2.4
SerializationVersion: 1.1.0.1
WSManStackVersion: 3.0
**********************
PS C:\Users\James\Development\platform> function Write-Heading {
    param([string]$Path, [string]$Title)
    @"
# $Title

**Repository:** ``$Root``  
**Audit generated:** $(Get-Date -Format "yyyy-MM-dd HH:mm:ss zzz")  
**Audit type:** Evidence-based repository inspection

"@ | Set-Content -Path $Path -Encoding utf8
}
PS C:\Users\James\Development\platform> function Add-Section {
    param(
        [string]$Path,
        [string]$Heading,
        [string[]]$Lines
    )

    Add-Content -Path $Path -Value "`n## $Heading`n" -Encoding utf8

    if ($Lines -and $Lines.Count -gt 0) {
        $Lines | Add-Content -Path $Path -Encoding utf8
    }
    else {
        Add-Content -Path $Path -Value "_No evidence found._" -Encoding utf8
    }
}
PS C:\Users\James\Development\platform> function Invoke-AuditCommand {
    param(
        [string]$Name,
        [scriptblock]$Command
    )

    $LogPath = Join-Path $AuditRoot "$Name.log"
    $Started = Get-Date

    try {
        & $Command 2>&1 | Tee-Object -FilePath $LogPath
        $Exit = $LASTEXITCODE
        if ($null -eq $Exit) { $Exit = 0 }
    }
    catch {
        $_ | Out-File -FilePath $LogPath -Append -Encoding utf8
        $Exit = 1
    }

    $Ended = Get-Date
    $Duration = :Round(($Ended - $Started).TotalSeconds, 2)

    [pscustomobject]@{
        Name = $Name
        ExitCode = $Exit
        Passed = ($Exit -eq 0)
        DurationSeconds = $Duration
        Log = $LogPath
    }
}
PS C:\Users\James\Development\platform> function Get-NpmScripts {
    $PackagePath = Join-Path $Root "package.json"

    if (-not (Test-Path $PackagePath)) {
        return @()
    }

    try {
        $Package = Get-Content $PackagePath -Raw | ConvertFrom-Json
        return @($Package.scripts.PSObject.Properties.Name)
    }
    catch {
        return @()
    }
}
PS C:\Users\James\Development\platform> Write-Host "`n=== A BRILLIANT CHANGE PLATFORM AUDIT ===" -ForegroundColor Gold
>> TerminatingError(Write-Host): "Cannot bind parameter 'ForegroundColor'. Cannot convert value "Gold" to type "System.ConsoleColor". Error: "Unable to match the identifier name Gold to a valid enumerator name. Specify one of the following enumerator names and try again:
Black, DarkBlue, DarkGreen, DarkCyan, DarkRed, DarkMagenta, DarkYellow, Gray, DarkGray, Blue, Green, Cyan, Red, Magenta, Yellow, White""
Write-Host: Cannot bind parameter 'ForegroundColor'. Cannot convert value "Gold" to type "System.ConsoleColor". Error: "Unable to match the identifier name Gold to a valid enumerator name. Specify one of the following enumerator names and try again:
Black, DarkBlue, DarkGreen, DarkCyan, DarkRed, DarkMagenta, DarkYellow, Gray, DarkGray, Blue, Green, Cyan, Red, Magenta, Yellow, White"
Write-Host: Cannot bind parameter 'ForegroundColor'. Cannot convert value "Gold" to type "System.ConsoleColor". Error: "Unable to match the identifier name Gold to a valid enumerator name. Specify one of the following enumerator names and try again:
Black, DarkBlue, DarkGreen, DarkCyan, DarkRed, DarkMagenta, DarkYellow, Gray, DarkGray, Blue, Green, Cyan, Red, Magenta, Yellow, White"
PS C:\Users\James\Development\platform> Write-Host "Repository: $Root" -ForegroundColor Cyan
Repository: C:\Users\James\Development\platform
PS C:\Users\James\Development\platform> Write-Host "Audit output: $AuditRoot`n" -ForegroundColor Cyan
Audit output: C:\Users\James\Development\platform\docs\audit\2026-08-29_050944
PS C:\Users\James\Development\platform> # ------------------------------------------------------------
PS C:\Users\James\Development\platform> # Repository and environment facts
PS C:\Users\James\Development\platform> # ------------------------------------------------------------
PS C:\Users\James\Development\platform> $ExcludedPathPattern = "\\(node_modules|\.next|\.git|docs\\audit)\\"
PS C:\Users\James\Development\platform> $AllFiles = @(
    Get-ChildItem -Path $Root -Recurse -File -Force -ErrorAction SilentlyContinue |
        Where-Object { $_.FullName -notmatch $ExcludedPathPattern }
)
PS C:\Users\James\Development\platform> $SourceFiles = @(
    $AllFiles | Where-Object {
        $_.Extension -in @(
            ".ts", ".tsx", ".js", ".jsx", ".json", ".md",
            ".css", ".scss", ".mjs", ".cjs"
        )
    }
)
PS C:\Users\James\Development\platform> $Directories = @(
    Get-ChildItem -Path $Root -Recurse -Directory -Force -ErrorAction SilentlyContinue |
        Where-Object { $_.FullName -notmatch $ExcludedPathPattern }
)
PS C:\Users\James\Development\platform> $PackagePath = Join-Path $Root "package.json"
PS C:\Users\James\Development\platform> $Scripts = Get-NpmScripts
PS C:\Users\James\Development\platform> $NodeVersion = try { node --version 2>$null } catch { "Unavailable" }
PS C:\Users\James\Development\platform> $NpmVersion = try { npm --version 2>$null } catch { "Unavailable" }
PS C:\Users\James\Development\platform> $PwshVersion = $PSVersionTable.PSVersion.ToString()
PS C:\Users\James\Development\platform> # ------------------------------------------------------------
PS C:\Users\James\Development\platform> # Git audit
PS C:\Users\James\Development\platform> # ------------------------------------------------------------
PS C:\Users\James\Development\platform> Write-Heading -Path $GitFile -Title "Git Status"
PS C:\Users\James\Development\platform> if (Test-Path (Join-Path $Root ".git")) {
    $GitStatus = @(git status --short 2>&1)
    $GitBranch = @(git branch --show-current 2>&1)
    $GitRemote = @(git remote -v 2>&1)
    $RecentCommits = @(git log -10 --date=short --pretty=format:"- ``%h`` | %ad | %s" 2>&1)

    Add-Section $GitFile "Current Branch" @("``$($GitBranch -join '')``")
    Add-Section $GitFile "Working Tree" @(
        if ($GitStatus.Count -eq 0) {
            "✅ Working tree is clean."
        }
        else {
            "⚠️ Uncommitted changes were detected.", "", "``````text",
            $GitStatus, "``````"
        }
    )
    Add-Section $GitFile "Remotes" @("``````text", $GitRemote, "``````")
    Add-Section $GitFile "Recent Commits" $RecentCommits
}
PS C:\Users\James\Development\platform> else {
    Add-Section $GitFile "Result" @("❌ No ``.git`` directory was detected.")
}
else: The term 'else' is not recognized as a name of a cmdlet, function, script file, or executable program.
Check the spelling of the name, or if a path was included, verify that the path is correct and try again.
else: The term 'else' is not recognized as a name of a cmdlet, function, script file, or executable program.
Check the spelling of the name, or if a path was included, verify that the path is correct and try again.
PS C:\Users\James\Development\platform> CommandInvocation(Get-Command): "Get-Command"
>> ParameterBinding(Get-Command): name="UseFuzzyMatching"; value="True"
>> ParameterBinding(Get-Command): name="FuzzyMinimumDistance"; value="1"
>> ParameterBinding(Get-Command): name="Name"; value="else"
>> CommandInvocation(Select-Object): "Select-Object"
>> ParameterBinding(Select-Object): name="First"; value="5"
>> ParameterBinding(Select-Object): name="Unique"; value="True"
>> ParameterBinding(Select-Object): name="ExpandProperty"; value="Name"
PS C:\Users\James\Development\platform> # ------------------------------------------------------------
PS C:\Users\James\Development\platform> # Route inventory
PS C:\Users\James\Development\platform> # ------------------------------------------------------------
PS C:\Users\James\Development\platform> Write-Heading -Path $RouteFile -Title "Route Inventory"
PS C:\Users\James\Development\platform> $AppRoot = Join-Path $Root "app"
PS C:\Users\James\Development\platform> $RoutePages = @()
PS C:\Users\James\Development\platform> if (Test-Path $AppRoot) {
    $PageFiles = @(
        Get-ChildItem -Path $AppRoot -Recurse -File -Filter "page.*" -ErrorAction SilentlyContinue |
            Where-Object { $_.Extension -in @(".ts", ".tsx", ".js", ".jsx") }
    )

    foreach ($Page in $PageFiles) {
        $RelativeDirectory = $Page.DirectoryName.Substring($AppRoot.Length).TrimStart("\")
        $Route = if (:IsNullOrWhiteSpace($RelativeDirectory)) {
            "/"
        }
        else {
            "/" + ($RelativeDirectory -replace "\\", "/")
        }

        $Classification = if (
            $Route -match "^/(mission-control|governance|participants|cases|dashboard|milestones|opportunities)"
        ) {
            "Review for restricted access"
        }
        else {
            "Potential public route"
        }

        $RoutePages += [pscustomobject]@{
            Route = $Route
            File = $Page.FullName.Substring($Root.Length + 1)
            Classification = $Classification
        }
    }

    Add-Section $RouteFile "Discovered Routes" @(
        "| Route | Page file | Preliminary classification |",
        "|---|---|---|",
        $(
            $RoutePages |
                Sort-Object Route |
                ForEach-Object {
                    "| ``$($_.Route)`` | ``$($_.File)`` | $($_.Classification) |"
                }
        )
    )
}
:IsNullOrWhiteSpace: 
Line |
   9 |          $Route = if (:IsNullOrWhiteSpace($RelativeDirectory)) {
     |                       ~~~~~~~~~~~~~~~~~~~
     | The term ':IsNullOrWhiteSpace' is not recognized as a name of a cmdlet, function, script file, or executable program.
Check the spelling of the name, or if a path was included, verify that the path is correct and try again.
:IsNullOrWhiteSpace: 
Line |
   9 |          $Route = if (:IsNullOrWhiteSpace($RelativeDirectory)) {
     |                       ~~~~~~~~~~~~~~~~~~~
     | The term ':IsNullOrWhiteSpace' is not recognized as a name of a cmdlet, function, script file, or executable program.
Check the spelling of the name, or if a path was included, verify that the path is correct and try again.
:IsNullOrWhiteSpace: 
Line |
   9 |          $Route = if (:IsNullOrWhiteSpace($RelativeDirectory)) {
     |                       ~~~~~~~~~~~~~~~~~~~
     | The term ':IsNullOrWhiteSpace' is not recognized as a name of a cmdlet, function, script file, or executable program.
Check the spelling of the name, or if a path was included, verify that the path is correct and try again.
:IsNullOrWhiteSpace: 
Line |
   9 |          $Route = if (:IsNullOrWhiteSpace($RelativeDirectory)) {
     |                       ~~~~~~~~~~~~~~~~~~~
     | The term ':IsNullOrWhiteSpace' is not recognized as a name of a cmdlet, function, script file, or executable program.
Check the spelling of the name, or if a path was included, verify that the path is correct and try again.
:IsNullOrWhiteSpace: 
Line |
   9 |          $Route = if (:IsNullOrWhiteSpace($RelativeDirectory)) {
     |                       ~~~~~~~~~~~~~~~~~~~
     | The term ':IsNullOrWhiteSpace' is not recognized as a name of a cmdlet, function, script file, or executable program.
Check the spelling of the name, or if a path was included, verify that the path is correct and try again.
:IsNullOrWhiteSpace: 
Line |
   9 |          $Route = if (:IsNullOrWhiteSpace($RelativeDirectory)) {
     |                       ~~~~~~~~~~~~~~~~~~~
     | The term ':IsNullOrWhiteSpace' is not recognized as a name of a cmdlet, function, script file, or executable program.
Check the spelling of the name, or if a path was included, verify that the path is correct and try again.
:IsNullOrWhiteSpace: 
Line |
   9 |          $Route = if (:IsNullOrWhiteSpace($RelativeDirectory)) {
     |                       ~~~~~~~~~~~~~~~~~~~
     | The term ':IsNullOrWhiteSpace' is not recognized as a name of a cmdlet, function, script file, or executable program.
Check the spelling of the name, or if a path was included, verify that the path is correct and try again.
:IsNullOrWhiteSpace: 
Line |
   9 |          $Route = if (:IsNullOrWhiteSpace($RelativeDirectory)) {
     |                       ~~~~~~~~~~~~~~~~~~~
     | The term ':IsNullOrWhiteSpace' is not recognized as a name of a cmdlet, function, script file, or executable program.
Check the spelling of the name, or if a path was included, verify that the path is correct and try again.
:IsNullOrWhiteSpace: 
Line |
   9 |          $Route = if (:IsNullOrWhiteSpace($RelativeDirectory)) {
     |                       ~~~~~~~~~~~~~~~~~~~
     | The term ':IsNullOrWhiteSpace' is not recognized as a name of a cmdlet, function, script file, or executable program.
Check the spelling of the name, or if a path was included, verify that the path is correct and try again.
:IsNullOrWhiteSpace: 
Line |
   9 |          $Route = if (:IsNullOrWhiteSpace($RelativeDirectory)) {
     |                       ~~~~~~~~~~~~~~~~~~~
     | The term ':IsNullOrWhiteSpace' is not recognized as a name of a cmdlet, function, script file, or executable program.
Check the spelling of the name, or if a path was included, verify that the path is correct and try again.
:IsNullOrWhiteSpace: 
Line |
   9 |          $Route = if (:IsNullOrWhiteSpace($RelativeDirectory)) {
     |                       ~~~~~~~~~~~~~~~~~~~
     | The term ':IsNullOrWhiteSpace' is not recognized as a name of a cmdlet, function, script file, or executable program.
Check the spelling of the name, or if a path was included, verify that the path is correct and try again.
:IsNullOrWhiteSpace: 
Line |
   9 |          $Route = if (:IsNullOrWhiteSpace($RelativeDirectory)) {
     |                       ~~~~~~~~~~~~~~~~~~~
     | The term ':IsNullOrWhiteSpace' is not recognized as a name of a cmdlet, function, script file, or executable program.
Check the spelling of the name, or if a path was included, verify that the path is correct and try again.
:IsNullOrWhiteSpace: 
Line |
   9 |          $Route = if (:IsNullOrWhiteSpace($RelativeDirectory)) {
     |                       ~~~~~~~~~~~~~~~~~~~
     | The term ':IsNullOrWhiteSpace' is not recognized as a name of a cmdlet, function, script file, or executable program.
Check the spelling of the name, or if a path was included, verify that the path is correct and try again.
:IsNullOrWhiteSpace: 
Line |
   9 |          $Route = if (:IsNullOrWhiteSpace($RelativeDirectory)) {
     |                       ~~~~~~~~~~~~~~~~~~~
     | The term ':IsNullOrWhiteSpace' is not recognized as a name of a cmdlet, function, script file, or executable program.
Check the spelling of the name, or if a path was included, verify that the path is correct and try again.
:IsNullOrWhiteSpace: 
Line |
   9 |          $Route = if (:IsNullOrWhiteSpace($RelativeDirectory)) {
     |                       ~~~~~~~~~~~~~~~~~~~
     | The term ':IsNullOrWhiteSpace' is not recognized as a name of a cmdlet, function, script file, or executable program.
Check the spelling of the name, or if a path was included, verify that the path is correct and try again.
:IsNullOrWhiteSpace: 
Line |
   9 |          $Route = if (:IsNullOrWhiteSpace($RelativeDirectory)) {
     |                       ~~~~~~~~~~~~~~~~~~~
     | The term ':IsNullOrWhiteSpace' is not recognized as a name of a cmdlet, function, script file, or executable program.
Check the spelling of the name, or if a path was included, verify that the path is correct and try again.
:IsNullOrWhiteSpace: 
Line |
   9 |          $Route = if (:IsNullOrWhiteSpace($RelativeDirectory)) {
     |                       ~~~~~~~~~~~~~~~~~~~
     | The term ':IsNullOrWhiteSpace' is not recognized as a name of a cmdlet, function, script file, or executable program.
Check the spelling of the name, or if a path was included, verify that the path is correct and try again.
:IsNullOrWhiteSpace: 
Line |
   9 |          $Route = if (:IsNullOrWhiteSpace($RelativeDirectory)) {
     |                       ~~~~~~~~~~~~~~~~~~~
     | The term ':IsNullOrWhiteSpace' is not recognized as a name of a cmdlet, function, script file, or executable program.
Check the spelling of the name, or if a path was included, verify that the path is correct and try again.
:IsNullOrWhiteSpace: 
Line |
   9 |          $Route = if (:IsNullOrWhiteSpace($RelativeDirectory)) {
     |                       ~~~~~~~~~~~~~~~~~~~
     | The term ':IsNullOrWhiteSpace' is not recognized as a name of a cmdlet, function, script file, or executable program.
Check the spelling of the name, or if a path was included, verify that the path is correct and try again.
:IsNullOrWhiteSpace: 
Line |
   9 |          $Route = if (:IsNullOrWhiteSpace($RelativeDirectory)) {
     |                       ~~~~~~~~~~~~~~~~~~~
     | The term ':IsNullOrWhiteSpace' is not recognized as a name of a cmdlet, function, script file, or executable program.
Check the spelling of the name, or if a path was included, verify that the path is correct and try again.
PS C:\Users\James\Development\platform> else {
    Add-Section $RouteFile "Result" @("❌ The ``app`` directory was not found.")
}
else: The term 'else' is not recognized as a name of a cmdlet, function, script file, or executable program.
Check the spelling of the name, or if a path was included, verify that the path is correct and try again.
else: The term 'else' is not recognized as a name of a cmdlet, function, script file, or executable program.
Check the spelling of the name, or if a path was included, verify that the path is correct and try again.
PS C:\Users\James\Development\platform> CommandInvocation(Get-Command): "Get-Command"
>> ParameterBinding(Get-Command): name="UseFuzzyMatching"; value="True"
>> ParameterBinding(Get-Command): name="FuzzyMinimumDistance"; value="1"
>> ParameterBinding(Get-Command): name="Name"; value="else"
>> CommandInvocation(Select-Object): "Select-Object"
>> ParameterBinding(Select-Object): name="First"; value="5"
>> ParameterBinding(Select-Object): name="Unique"; value="True"
>> ParameterBinding(Select-Object): name="ExpandProperty"; value="Name"
PS C:\Users\James\Development\platform> # ------------------------------------------------------------
PS C:\Users\James\Development\platform> # Engine and implementation inventory
PS C:\Users\James\Development\platform> # ------------------------------------------------------------
PS C:\Users\James\Development\platform> Write-Heading -Path $EngineFile -Title "Engine and Library Inventory"
PS C:\Users\James\Development\platform> $LibRoots = @(
    (Join-Path $Root "src\lib"),
    (Join-Path $Root "neuralvault")
) | Where-Object { Test-Path $_ }
PS C:\Users\James\Development\platform> $EngineFiles = @()
PS C:\Users\James\Development\platform> foreach ($LibRoot in $LibRoots) {
    $EngineFiles += Get-ChildItem -Path $LibRoot -Recurse -File -ErrorAction SilentlyContinue |
        Where-Object {
            $_.Name -match "(engine|registry|orchestrator|validator|graph|matcher|forecast|score|intelligence|runtime|router|governance|manifest)" -and
            $_.Extension -in @(".ts", ".tsx", ".js", ".jsx", ".json", ".md")
        }
}
PS C:\Users\James\Development\platform> $EngineRows = foreach ($File in ($EngineFiles | Sort-Object FullName -Unique)) {
    $LineCount = if ($File.Extension -in @(".ts", ".tsx", ".js", ".jsx", ".md")) {
        @(Get-Content $File.FullName -ErrorAction SilentlyContinue).Count
    }
    else {
        ""
    }

    $Status = if ($File.Length -eq 0) {
        "❌ Empty"
    }
    elseif ($LineCount -is [int] -and $LineCount -lt 10) {
        "⚠️ Inspect as possible stub"
    }
    else {
        "🟨 Exists, implementation review required"
    }

    [pscustomobject]@{
        File = $File.FullName.Substring($Root.Length + 1)
        Lines = $LineCount
        Status = $Status
    }
}
PS C:\Users\James\Development\platform> Add-Section $EngineFile "Discovered Engines, Registries and Validators" @(
    "| File | Lines | Evidence status |",
    "|---|---:|---|",
    $(
        $EngineRows | ForEach-Object {
            "| ``$($_.File)`` | $($_.Lines) | $($_.Status) |"
        }
    )
)
PS C:\Users\James\Development\platform> # ------------------------------------------------------------
PS C:\Users\James\Development\platform> # High-level architecture inventory
PS C:\Users\James\Development\platform> # ------------------------------------------------------------
PS C:\Users\James\Development\platform> Write-Heading -Path $InventoryFile -Title "Implementation Inventory"
PS C:\Users\James\Development\platform> $Systems = @(
    @{ Name = "Homepage"; Paths = @("app\page.tsx") },
    @{ Name = "Atlas"; Paths = @("app\atlas", "src\lib\atlas", "public\atlas") },
    @{ Name = "NeuralVault"; Paths = @("neuralvault") },
    @{ Name = "Doctrine System"; Paths = @("neuralvault\doctrine") },
    @{ Name = "Experience Orchestration"; Paths = @("neuralvault\orchestration", "src\hooks", "src\lib\experience") },
    @{ Name = "Transformation Intelligence"; Paths = @("src\lib\transformation", "neuralvault\transform") },
    @{ Name = "Governance Layer"; Paths = @("app\governance", "neuralvault\governance", "src\lib\governance") },
    @{ Name = "Participant Intelligence"; Paths = @("app\participants", "src\lib\participants", "src\lib\participant") },
    @{ Name = "Agent Ecosystem"; Paths = @("src\lib\agents", "neuralvault\agents") },
    @{ Name = "Mission Control"; Paths = @("app\mission-control", "src\lib\mission-control", "public\mission-control") },
    @{ Name = "Community Digital Twin"; Paths = @("src\lib\community-twin", "app\community-twin", "neuralvault\community-twin") },
    @{ Name = "VEOS"; Paths = @("veos", "src\lib\veos", "neuralvault\veos", "app\veos") },
    @{ Name = "Brand Library"; Paths = @("brand-library", "public\brand", "public\FINAL") }
)
PS C:\Users\James\Development\platform> $SystemRows = @()
PS C:\Users\James\Development\platform> foreach ($System in $Systems) {
    $Found = @()

    foreach ($RelativePath in $System.Paths) {
        $AbsolutePath = Join-Path $Root $RelativePath
        if (Test-Path $AbsolutePath) {
            $Found += $RelativePath
        }
    }

    $Status = if ($Found.Count -eq 0) {
        "❌ No expected path found"
    }
    elseif ($Found.Count -lt $System.Paths.Count) {
        "🟨 Partially represented"
    }
    else {
        "🟨 Structure found; runtime verification required"
    }

    $SystemRows += [pscustomobject]@{
        System = $System.Name
        Status = $Status
        Evidence = if ($Found.Count) { $Found -join ", " } else { "None" }
    }
}
PS C:\Users\James\Development\platform> Add-Section $InventoryFile "Architecture Systems" @(
    "| System | Preliminary status | Path evidence |",
    "|---|---|---|",
    $(
        $SystemRows | ForEach-Object {
            "| $($_.System) | $($_.Status) | ``$($_.Evidence)`` |"
        }
    )
)
PS C:\Users\James\Development\platform> Add-Section $InventoryFile "Important Interpretation Rule" @(
    "> A directory or file proves that structure exists. It does not prove that the feature is complete, connected, secure, tested, or ready for production."
)
PS C:\Users\James\Development\platform> # ------------------------------------------------------------
PS C:\Users\James\Development\platform> # Asset inventory
PS C:\Users\James\Development\platform> # ------------------------------------------------------------
PS C:\Users\James\Development\platform> Write-Heading -Path $AssetFile -Title "Asset Inventory"
PS C:\Users\James\Development\platform> $PublicRoot = Join-Path $Root "public"
PS C:\Users\James\Development\platform> $ImageExtensions = @(".png", ".jpg", ".jpeg", ".webp", ".avif", ".gif", ".svg")
PS C:\Users\James\Development\platform> $Assets = if (Test-Path $PublicRoot) {
    @(
        Get-ChildItem -Path $PublicRoot -Recurse -File -ErrorAction SilentlyContinue |
            Where-Object { $_.Extension.ToLowerInvariant() -in $ImageExtensions }
    )
}
PS C:\Users\James\Development\platform> else {
    @()
}
else: The term 'else' is not recognized as a name of a cmdlet, function, script file, or executable program.
Check the spelling of the name, or if a path was included, verify that the path is correct and try again.
else: The term 'else' is not recognized as a name of a cmdlet, function, script file, or executable program.
Check the spelling of the name, or if a path was included, verify that the path is correct and try again.
PS C:\Users\James\Development\platform> CommandInvocation(Get-Command): "Get-Command"
>> ParameterBinding(Get-Command): name="UseFuzzyMatching"; value="True"
>> ParameterBinding(Get-Command): name="FuzzyMinimumDistance"; value="1"
>> ParameterBinding(Get-Command): name="Name"; value="else"
>> CommandInvocation(Select-Object): "Select-Object"
>> ParameterBinding(Select-Object): name="First"; value="5"
>> ParameterBinding(Select-Object): name="Unique"; value="True"
>> ParameterBinding(Select-Object): name="ExpandProperty"; value="Name"
PS C:\Users\James\Development\platform> $AssetRows = foreach ($Asset in ($Assets | Sort-Object FullName)) {
    $Relative = $Asset.FullName.Substring($PublicRoot.Length) -replace "\\", "/"
    $UsagePattern = :Escape($Asset.Name)
    $UsageMatches = @(
        $SourceFiles | Select-String -Pattern $UsagePattern -SimpleMatch:$false -ErrorAction SilentlyContinue
    )

    $Kind = if ($Relative -match "(?i)placeholder") {
        "⚠️ Placeholder"
    }
    elseif ($Asset.Name -in @("next.svg", "vercel.svg", "file.svg", "globe.svg", "window.svg")) {
        "⚠️ Starter asset"
    }
    else {
        "Review"
    }

    [pscustomobject]@{
        Asset = $Relative
        SizeKB = :Round($Asset.Length / 1KB, 1)
        Type = $Kind
        References = $UsageMatches.Count
    }
}
:Escape: 
Line |
   3 |      $UsagePattern = :Escape($Asset.Name)
     |                      ~~~~~~~
     | The term ':Escape' is not recognized as a name of a cmdlet, function, script file, or executable program.
Check the spelling of the name, or if a path was included, verify that the path is correct and try again.
:Escape: 
Line |
   3 |      $UsagePattern = :Escape($Asset.Name)
     |                      ~~~~~~~
     | The term ':Escape' is not recognized as a name of a cmdlet, function, script file, or executable program.
Check the spelling of the name, or if a path was included, verify that the path is correct and try again.
>> TerminatingError(Select-String): "Cannot bind argument to parameter 'Pattern' because it is null."
Select-String: 
Line |
   5 |          $SourceFiles | Select-String -Pattern $UsagePattern -SimpleMa …
     |                                                ~~~~~~~~~~~~~
     | Cannot bind argument to parameter 'Pattern' because it is null.
Select-String: 
Line |
   5 |          $SourceFiles | Select-String -Pattern $UsagePattern -SimpleMa …
     |                                                ~~~~~~~~~~~~~
     | Cannot bind argument to parameter 'Pattern' because it is null.
InvalidOperation: 
Line |
  20 |          SizeKB = :Round($Asset.Length / 1KB, 1)
     |                   ~~~~~~~~~~~~~~~~~~~~~~~~~~~~~~
     | Method invocation failed because [System.Object[]] does not contain a method named 'op_Division'.
InvalidOperation: 
Line |
  20 |          SizeKB = :Round($Asset.Length / 1KB, 1)
     |                   ~~~~~~~~~~~~~~~~~~~~~~~~~~~~~~
     | Method invocation failed because [System.Object[]] does not contain a method named 'op_Division'.
:Escape: 
Line |
   3 |      $UsagePattern = :Escape($Asset.Name)
     |                      ~~~~~~~
     | The term ':Escape' is not recognized as a name of a cmdlet, function, script file, or executable program.
Check the spelling of the name, or if a path was included, verify that the path is correct and try again.
:Escape: 
Line |
   3 |      $UsagePattern = :Escape($Asset.Name)
     |                      ~~~~~~~
     | The term ':Escape' is not recognized as a name of a cmdlet, function, script file, or executable program.
Check the spelling of the name, or if a path was included, verify that the path is correct and try again.
>> TerminatingError(Select-String): "Cannot bind argument to parameter 'Pattern' because it is null."
Select-String: 
Line |
   5 |          $SourceFiles | Select-String -Pattern $UsagePattern -SimpleMa …
     |                                                ~~~~~~~~~~~~~
     | Cannot bind argument to parameter 'Pattern' because it is null.
Select-String: 
Line |
   5 |          $SourceFiles | Select-String -Pattern $UsagePattern -SimpleMa …
     |                                                ~~~~~~~~~~~~~
     | Cannot bind argument to parameter 'Pattern' because it is null.
InvalidOperation: 
Line |
  20 |          SizeKB = :Round($Asset.Length / 1KB, 1)
     |                   ~~~~~~~~~~~~~~~~~~~~~~~~~~~~~~
     | Method invocation failed because [System.Object[]] does not contain a method named 'op_Division'.
InvalidOperation: 
Line |
  20 |          SizeKB = :Round($Asset.Length / 1KB, 1)
     |                   ~~~~~~~~~~~~~~~~~~~~~~~~~~~~~~
     | Method invocation failed because [System.Object[]] does not contain a method named 'op_Division'.
:Escape: 
Line |
   3 |      $UsagePattern = :Escape($Asset.Name)
     |                      ~~~~~~~
     | The term ':Escape' is not recognized as a name of a cmdlet, function, script file, or executable program.
Check the spelling of the name, or if a path was included, verify that the path is correct and try again.
:Escape: 
Line |
   3 |      $UsagePattern = :Escape($Asset.Name)
     |                      ~~~~~~~
     | The term ':Escape' is not recognized as a name of a cmdlet, function, script file, or executable program.
Check the spelling of the name, or if a path was included, verify that the path is correct and try again.
>> TerminatingError(Select-String): "Cannot bind argument to parameter 'Pattern' because it is null."
Select-String: 
Line |
   5 |          $SourceFiles | Select-String -Pattern $UsagePattern -SimpleMa …
     |                                                ~~~~~~~~~~~~~
     | Cannot bind argument to parameter 'Pattern' because it is null.
Select-String: 
Line |
   5 |          $SourceFiles | Select-String -Pattern $UsagePattern -SimpleMa …
     |                                                ~~~~~~~~~~~~~
     | Cannot bind argument to parameter 'Pattern' because it is null.
InvalidOperation: 
Line |
  20 |          SizeKB = :Round($Asset.Length / 1KB, 1)
     |                   ~~~~~~~~~~~~~~~~~~~~~~~~~~~~~~
     | Method invocation failed because [System.Object[]] does not contain a method named 'op_Division'.
InvalidOperation: 
Line |
  20 |          SizeKB = :Round($Asset.Length / 1KB, 1)
     |                   ~~~~~~~~~~~~~~~~~~~~~~~~~~~~~~
     | Method invocation failed because [System.Object[]] does not contain a method named 'op_Division'.
:Escape: 
Line |
   3 |      $UsagePattern = :Escape($Asset.Name)
     |                      ~~~~~~~
     | The term ':Escape' is not recognized as a name of a cmdlet, function, script file, or executable program.
Check the spelling of the name, or if a path was included, verify that the path is correct and try again.
:Escape: 
Line |
   3 |      $UsagePattern = :Escape($Asset.Name)
     |                      ~~~~~~~
     | The term ':Escape' is not recognized as a name of a cmdlet, function, script file, or executable program.
Check the spelling of the name, or if a path was included, verify that the path is correct and try again.
>> TerminatingError(Select-String): "Cannot bind argument to parameter 'Pattern' because it is null."
Select-String: 
Line |
   5 |          $SourceFiles | Select-String -Pattern $UsagePattern -SimpleMa …
     |                                                ~~~~~~~~~~~~~
     | Cannot bind argument to parameter 'Pattern' because it is null.
Select-String: 
Line |
   5 |          $SourceFiles | Select-String -Pattern $UsagePattern -SimpleMa …
     |                                                ~~~~~~~~~~~~~
     | Cannot bind argument to parameter 'Pattern' because it is null.
InvalidOperation: 
Line |
  20 |          SizeKB = :Round($Asset.Length / 1KB, 1)
     |                   ~~~~~~~~~~~~~~~~~~~~~~~~~~~~~~
     | Method invocation failed because [System.Object[]] does not contain a method named 'op_Division'.
InvalidOperation: 
Line |
  20 |          SizeKB = :Round($Asset.Length / 1KB, 1)
     |                   ~~~~~~~~~~~~~~~~~~~~~~~~~~~~~~
     | Method invocation failed because [System.Object[]] does not contain a method named 'op_Division'.
:Escape: 
Line |
   3 |      $UsagePattern = :Escape($Asset.Name)
     |                      ~~~~~~~
     | The term ':Escape' is not recognized as a name of a cmdlet, function, script file, or executable program.
Check the spelling of the name, or if a path was included, verify that the path is correct and try again.
:Escape: 
Line |
   3 |      $UsagePattern = :Escape($Asset.Name)
     |                      ~~~~~~~
     | The term ':Escape' is not recognized as a name of a cmdlet, function, script file, or executable program.
Check the spelling of the name, or if a path was included, verify that the path is correct and try again.
>> TerminatingError(Select-String): "Cannot bind argument to parameter 'Pattern' because it is null."
Select-String: 
Line |
   5 |          $SourceFiles | Select-String -Pattern $UsagePattern -SimpleMa …
     |                                                ~~~~~~~~~~~~~
     | Cannot bind argument to parameter 'Pattern' because it is null.
Select-String: 
Line |
   5 |          $SourceFiles | Select-String -Pattern $UsagePattern -SimpleMa …
     |                                                ~~~~~~~~~~~~~
     | Cannot bind argument to parameter 'Pattern' because it is null.
InvalidOperation: 
Line |
  20 |          SizeKB = :Round($Asset.Length / 1KB, 1)
     |                   ~~~~~~~~~~~~~~~~~~~~~~~~~~~~~~
     | Method invocation failed because [System.Object[]] does not contain a method named 'op_Division'.
InvalidOperation: 
Line |
  20 |          SizeKB = :Round($Asset.Length / 1KB, 1)
     |                   ~~~~~~~~~~~~~~~~~~~~~~~~~~~~~~
     | Method invocation failed because [System.Object[]] does not contain a method named 'op_Division'.
:Escape: 
Line |
   3 |      $UsagePattern = :Escape($Asset.Name)
     |                      ~~~~~~~
     | The term ':Escape' is not recognized as a name of a cmdlet, function, script file, or executable program.
Check the spelling of the name, or if a path was included, verify that the path is correct and try again.
:Escape: 
Line |
   3 |      $UsagePattern = :Escape($Asset.Name)
     |                      ~~~~~~~
     | The term ':Escape' is not recognized as a name of a cmdlet, function, script file, or executable program.
Check the spelling of the name, or if a path was included, verify that the path is correct and try again.
>> TerminatingError(Select-String): "Cannot bind argument to parameter 'Pattern' because it is null."
Select-String: 
Line |
   5 |          $SourceFiles | Select-String -Pattern $UsagePattern -SimpleMa …
     |                                                ~~~~~~~~~~~~~
     | Cannot bind argument to parameter 'Pattern' because it is null.
Select-String: 
Line |
   5 |          $SourceFiles | Select-String -Pattern $UsagePattern -SimpleMa …
     |                                                ~~~~~~~~~~~~~
     | Cannot bind argument to parameter 'Pattern' because it is null.
InvalidOperation: 
Line |
  20 |          SizeKB = :Round($Asset.Length / 1KB, 1)
     |                   ~~~~~~~~~~~~~~~~~~~~~~~~~~~~~~
     | Method invocation failed because [System.Object[]] does not contain a method named 'op_Division'.
InvalidOperation: 
Line |
  20 |          SizeKB = :Round($Asset.Length / 1KB, 1)
     |                   ~~~~~~~~~~~~~~~~~~~~~~~~~~~~~~
     | Method invocation failed because [System.Object[]] does not contain a method named 'op_Division'.
:Escape: 
Line |
   3 |      $UsagePattern = :Escape($Asset.Name)
     |                      ~~~~~~~
     | The term ':Escape' is not recognized as a name of a cmdlet, function, script file, or executable program.
Check the spelling of the name, or if a path was included, verify that the path is correct and try again.
:Escape: 
Line |
   3 |      $UsagePattern = :Escape($Asset.Name)
     |                      ~~~~~~~
     | The term ':Escape' is not recognized as a name of a cmdlet, function, script file, or executable program.
Check the spelling of the name, or if a path was included, verify that the path is correct and try again.
>> TerminatingError(Select-String): "Cannot bind argument to parameter 'Pattern' because it is null."
Select-String: 
Line |
   5 |          $SourceFiles | Select-String -Pattern $UsagePattern -SimpleMa …
     |                                                ~~~~~~~~~~~~~
     | Cannot bind argument to parameter 'Pattern' because it is null.
Select-String: 
Line |
   5 |          $SourceFiles | Select-String -Pattern $UsagePattern -SimpleMa …
     |                                                ~~~~~~~~~~~~~
     | Cannot bind argument to parameter 'Pattern' because it is null.
InvalidOperation: 
Line |
  20 |          SizeKB = :Round($Asset.Length / 1KB, 1)
     |                   ~~~~~~~~~~~~~~~~~~~~~~~~~~~~~~
     | Method invocation failed because [System.Object[]] does not contain a method named 'op_Division'.
InvalidOperation: 
Line |
  20 |          SizeKB = :Round($Asset.Length / 1KB, 1)
     |                   ~~~~~~~~~~~~~~~~~~~~~~~~~~~~~~
     | Method invocation failed because [System.Object[]] does not contain a method named 'op_Division'.
:Escape: 
Line |
   3 |      $UsagePattern = :Escape($Asset.Name)
     |                      ~~~~~~~
     | The term ':Escape' is not recognized as a name of a cmdlet, function, script file, or executable program.
Check the spelling of the name, or if a path was included, verify that the path is correct and try again.
:Escape: 
Line |
   3 |      $UsagePattern = :Escape($Asset.Name)
     |                      ~~~~~~~
     | The term ':Escape' is not recognized as a name of a cmdlet, function, script file, or executable program.
Check the spelling of the name, or if a path was included, verify that the path is correct and try again.
>> TerminatingError(Select-String): "Cannot bind argument to parameter 'Pattern' because it is null."
Select-String: 
Line |
   5 |          $SourceFiles | Select-String -Pattern $UsagePattern -SimpleMa …
     |                                                ~~~~~~~~~~~~~
     | Cannot bind argument to parameter 'Pattern' because it is null.
Select-String: 
Line |
   5 |          $SourceFiles | Select-String -Pattern $UsagePattern -SimpleMa …
     |                                                ~~~~~~~~~~~~~
     | Cannot bind argument to parameter 'Pattern' because it is null.
InvalidOperation: 
Line |
  20 |          SizeKB = :Round($Asset.Length / 1KB, 1)
     |                   ~~~~~~~~~~~~~~~~~~~~~~~~~~~~~~
     | Method invocation failed because [System.Object[]] does not contain a method named 'op_Division'.
InvalidOperation: 
Line |
  20 |          SizeKB = :Round($Asset.Length / 1KB, 1)
     |                   ~~~~~~~~~~~~~~~~~~~~~~~~~~~~~~
     | Method invocation failed because [System.Object[]] does not contain a method named 'op_Division'.
:Escape: 
Line |
   3 |      $UsagePattern = :Escape($Asset.Name)
     |                      ~~~~~~~
     | The term ':Escape' is not recognized as a name of a cmdlet, function, script file, or executable program.
Check the spelling of the name, or if a path was included, verify that the path is correct and try again.
:Escape: 
Line |
   3 |      $UsagePattern = :Escape($Asset.Name)
     |                      ~~~~~~~
     | The term ':Escape' is not recognized as a name of a cmdlet, function, script file, or executable program.
Check the spelling of the name, or if a path was included, verify that the path is correct and try again.
>> TerminatingError(Select-String): "Cannot bind argument to parameter 'Pattern' because it is null."
Select-String: 
Line |
   5 |          $SourceFiles | Select-String -Pattern $UsagePattern -SimpleMa …
     |                                                ~~~~~~~~~~~~~
     | Cannot bind argument to parameter 'Pattern' because it is null.
Select-String: 
Line |
   5 |          $SourceFiles | Select-String -Pattern $UsagePattern -SimpleMa …
     |                                                ~~~~~~~~~~~~~
     | Cannot bind argument to parameter 'Pattern' because it is null.
InvalidOperation: 
Line |
  20 |          SizeKB = :Round($Asset.Length / 1KB, 1)
     |                   ~~~~~~~~~~~~~~~~~~~~~~~~~~~~~~
     | Method invocation failed because [System.Object[]] does not contain a method named 'op_Division'.
InvalidOperation: 
Line |
  20 |          SizeKB = :Round($Asset.Length / 1KB, 1)
     |                   ~~~~~~~~~~~~~~~~~~~~~~~~~~~~~~
     | Method invocation failed because [System.Object[]] does not contain a method named 'op_Division'.
:Escape: 
Line |
   3 |      $UsagePattern = :Escape($Asset.Name)
     |                      ~~~~~~~
     | The term ':Escape' is not recognized as a name of a cmdlet, function, script file, or executable program.
Check the spelling of the name, or if a path was included, verify that the path is correct and try again.
:Escape: 
Line |
   3 |      $UsagePattern = :Escape($Asset.Name)
     |                      ~~~~~~~
     | The term ':Escape' is not recognized as a name of a cmdlet, function, script file, or executable program.
Check the spelling of the name, or if a path was included, verify that the path is correct and try again.
>> TerminatingError(Select-String): "Cannot bind argument to parameter 'Pattern' because it is null."
Select-String: 
Line |
   5 |          $SourceFiles | Select-String -Pattern $UsagePattern -SimpleMa …
     |                                                ~~~~~~~~~~~~~
     | Cannot bind argument to parameter 'Pattern' because it is null.
Select-String: 
Line |
   5 |          $SourceFiles | Select-String -Pattern $UsagePattern -SimpleMa …
     |                                                ~~~~~~~~~~~~~
     | Cannot bind argument to parameter 'Pattern' because it is null.
InvalidOperation: 
Line |
  20 |          SizeKB = :Round($Asset.Length / 1KB, 1)
     |                   ~~~~~~~~~~~~~~~~~~~~~~~~~~~~~~
     | Method invocation failed because [System.Object[]] does not contain a method named 'op_Division'.
InvalidOperation: 
Line |
  20 |          SizeKB = :Round($Asset.Length / 1KB, 1)
     |                   ~~~~~~~~~~~~~~~~~~~~~~~~~~~~~~
     | Method invocation failed because [System.Object[]] does not contain a method named 'op_Division'.
:Escape: 
Line |
   3 |      $UsagePattern = :Escape($Asset.Name)
     |                      ~~~~~~~
     | The term ':Escape' is not recognized as a name of a cmdlet, function, script file, or executable program.
Check the spelling of the name, or if a path was included, verify that the path is correct and try again.
:Escape: 
Line |
   3 |      $UsagePattern = :Escape($Asset.Name)
     |                      ~~~~~~~
     | The term ':Escape' is not recognized as a name of a cmdlet, function, script file, or executable program.
Check the spelling of the name, or if a path was included, verify that the path is correct and try again.
>> TerminatingError(Select-String): "Cannot bind argument to parameter 'Pattern' because it is null."
Select-String: 
Line |
   5 |          $SourceFiles | Select-String -Pattern $UsagePattern -SimpleMa …
     |                                                ~~~~~~~~~~~~~
     | Cannot bind argument to parameter 'Pattern' because it is null.
Select-String: 
Line |
   5 |          $SourceFiles | Select-String -Pattern $UsagePattern -SimpleMa …
     |                                                ~~~~~~~~~~~~~
     | Cannot bind argument to parameter 'Pattern' because it is null.
InvalidOperation: 
Line |
  20 |          SizeKB = :Round($Asset.Length / 1KB, 1)
     |                   ~~~~~~~~~~~~~~~~~~~~~~~~~~~~~~
     | Method invocation failed because [System.Object[]] does not contain a method named 'op_Division'.
InvalidOperation: 
Line |
  20 |          SizeKB = :Round($Asset.Length / 1KB, 1)
     |                   ~~~~~~~~~~~~~~~~~~~~~~~~~~~~~~
     | Method invocation failed because [System.Object[]] does not contain a method named 'op_Division'.
:Escape: 
Line |
   3 |      $UsagePattern = :Escape($Asset.Name)
     |                      ~~~~~~~
     | The term ':Escape' is not recognized as a name of a cmdlet, function, script file, or executable program.
Check the spelling of the name, or if a path was included, verify that the path is correct and try again.
:Escape: 
Line |
   3 |      $UsagePattern = :Escape($Asset.Name)
     |                      ~~~~~~~
     | The term ':Escape' is not recognized as a name of a cmdlet, function, script file, or executable program.
Check the spelling of the name, or if a path was included, verify that the path is correct and try again.
>> TerminatingError(Select-String): "Cannot bind argument to parameter 'Pattern' because it is null."
Select-String: 
Line |
   5 |          $SourceFiles | Select-String -Pattern $UsagePattern -SimpleMa …
     |                                                ~~~~~~~~~~~~~
     | Cannot bind argument to parameter 'Pattern' because it is null.
Select-String: 
Line |
   5 |          $SourceFiles | Select-String -Pattern $UsagePattern -SimpleMa …
     |                                                ~~~~~~~~~~~~~
     | Cannot bind argument to parameter 'Pattern' because it is null.
InvalidOperation: 
Line |
  20 |          SizeKB = :Round($Asset.Length / 1KB, 1)
     |                   ~~~~~~~~~~~~~~~~~~~~~~~~~~~~~~
     | Method invocation failed because [System.Object[]] does not contain a method named 'op_Division'.
InvalidOperation: 
Line |
  20 |          SizeKB = :Round($Asset.Length / 1KB, 1)
     |                   ~~~~~~~~~~~~~~~~~~~~~~~~~~~~~~
     | Method invocation failed because [System.Object[]] does not contain a method named 'op_Division'.
:Escape: 
Line |
   3 |      $UsagePattern = :Escape($Asset.Name)
     |                      ~~~~~~~
     | The term ':Escape' is not recognized as a name of a cmdlet, function, script file, or executable program.
Check the spelling of the name, or if a path was included, verify that the path is correct and try again.
:Escape: 
Line |
   3 |      $UsagePattern = :Escape($Asset.Name)
     |                      ~~~~~~~
     | The term ':Escape' is not recognized as a name of a cmdlet, function, script file, or executable program.
Check the spelling of the name, or if a path was included, verify that the path is correct and try again.
>> TerminatingError(Select-String): "Cannot bind argument to parameter 'Pattern' because it is null."
Select-String: 
Line |
   5 |          $SourceFiles | Select-String -Pattern $UsagePattern -SimpleMa …
     |                                                ~~~~~~~~~~~~~
     | Cannot bind argument to parameter 'Pattern' because it is null.
Select-String: 
Line |
   5 |          $SourceFiles | Select-String -Pattern $UsagePattern -SimpleMa …
     |                                                ~~~~~~~~~~~~~
     | Cannot bind argument to parameter 'Pattern' because it is null.
InvalidOperation: 
Line |
  20 |          SizeKB = :Round($Asset.Length / 1KB, 1)
     |                   ~~~~~~~~~~~~~~~~~~~~~~~~~~~~~~
     | Method invocation failed because [System.Object[]] does not contain a method named 'op_Division'.
InvalidOperation: 
Line |
  20 |          SizeKB = :Round($Asset.Length / 1KB, 1)
     |                   ~~~~~~~~~~~~~~~~~~~~~~~~~~~~~~
     | Method invocation failed because [System.Object[]] does not contain a method named 'op_Division'.
:Escape: 
Line |
   3 |      $UsagePattern = :Escape($Asset.Name)
     |                      ~~~~~~~
     | The term ':Escape' is not recognized as a name of a cmdlet, function, script file, or executable program.
Check the spelling of the name, or if a path was included, verify that the path is correct and try again.
:Escape: 
Line |
   3 |      $UsagePattern = :Escape($Asset.Name)
     |                      ~~~~~~~
     | The term ':Escape' is not recognized as a name of a cmdlet, function, script file, or executable program.
Check the spelling of the name, or if a path was included, verify that the path is correct and try again.
>> TerminatingError(Select-String): "Cannot bind argument to parameter 'Pattern' because it is null."
Select-String: 
Line |
   5 |          $SourceFiles | Select-String -Pattern $UsagePattern -SimpleMa …
     |                                                ~~~~~~~~~~~~~
     | Cannot bind argument to parameter 'Pattern' because it is null.
Select-String: 
Line |
   5 |          $SourceFiles | Select-String -Pattern $UsagePattern -SimpleMa …
     |                                                ~~~~~~~~~~~~~
     | Cannot bind argument to parameter 'Pattern' because it is null.
InvalidOperation: 
Line |
  20 |          SizeKB = :Round($Asset.Length / 1KB, 1)
     |                   ~~~~~~~~~~~~~~~~~~~~~~~~~~~~~~
     | Method invocation failed because [System.Object[]] does not contain a method named 'op_Division'.
InvalidOperation: 
Line |
  20 |          SizeKB = :Round($Asset.Length / 1KB, 1)
     |                   ~~~~~~~~~~~~~~~~~~~~~~~~~~~~~~
     | Method invocation failed because [System.Object[]] does not contain a method named 'op_Division'.
:Escape: 
Line |
   3 |      $UsagePattern = :Escape($Asset.Name)
     |                      ~~~~~~~
     | The term ':Escape' is not recognized as a name of a cmdlet, function, script file, or executable program.
Check the spelling of the name, or if a path was included, verify that the path is correct and try again.
:Escape: 
Line |
   3 |      $UsagePattern = :Escape($Asset.Name)
     |                      ~~~~~~~
     | The term ':Escape' is not recognized as a name of a cmdlet, function, script file, or executable program.
Check the spelling of the name, or if a path was included, verify that the path is correct and try again.
>> TerminatingError(Select-String): "Cannot bind argument to parameter 'Pattern' because it is null."
Select-String: 
Line |
   5 |          $SourceFiles | Select-String -Pattern $UsagePattern -SimpleMa …
     |                                                ~~~~~~~~~~~~~
     | Cannot bind argument to parameter 'Pattern' because it is null.
Select-String: 
Line |
   5 |          $SourceFiles | Select-String -Pattern $UsagePattern -SimpleMa …
     |                                                ~~~~~~~~~~~~~
     | Cannot bind argument to parameter 'Pattern' because it is null.
InvalidOperation: 
Line |
  20 |          SizeKB = :Round($Asset.Length / 1KB, 1)
     |                   ~~~~~~~~~~~~~~~~~~~~~~~~~~~~~~
     | Method invocation failed because [System.Object[]] does not contain a method named 'op_Division'.
InvalidOperation: 
Line |
  20 |          SizeKB = :Round($Asset.Length / 1KB, 1)
     |                   ~~~~~~~~~~~~~~~~~~~~~~~~~~~~~~
     | Method invocation failed because [System.Object[]] does not contain a method named 'op_Division'.
:Escape: 
Line |
   3 |      $UsagePattern = :Escape($Asset.Name)
     |                      ~~~~~~~
     | The term ':Escape' is not recognized as a name of a cmdlet, function, script file, or executable program.
Check the spelling of the name, or if a path was included, verify that the path is correct and try again.
:Escape: 
Line |
   3 |      $UsagePattern = :Escape($Asset.Name)
     |                      ~~~~~~~
     | The term ':Escape' is not recognized as a name of a cmdlet, function, script file, or executable program.
Check the spelling of the name, or if a path was included, verify that the path is correct and try again.
>> TerminatingError(Select-String): "Cannot bind argument to parameter 'Pattern' because it is null."
Select-String: 
Line |
   5 |          $SourceFiles | Select-String -Pattern $UsagePattern -SimpleMa …
     |                                                ~~~~~~~~~~~~~
     | Cannot bind argument to parameter 'Pattern' because it is null.
Select-String: 
Line |
   5 |          $SourceFiles | Select-String -Pattern $UsagePattern -SimpleMa …
     |                                                ~~~~~~~~~~~~~
     | Cannot bind argument to parameter 'Pattern' because it is null.
InvalidOperation: 
Line |
  20 |          SizeKB = :Round($Asset.Length / 1KB, 1)
     |                   ~~~~~~~~~~~~~~~~~~~~~~~~~~~~~~
     | Method invocation failed because [System.Object[]] does not contain a method named 'op_Division'.
InvalidOperation: 
Line |
  20 |          SizeKB = :Round($Asset.Length / 1KB, 1)
     |                   ~~~~~~~~~~~~~~~~~~~~~~~~~~~~~~
     | Method invocation failed because [System.Object[]] does not contain a method named 'op_Division'.
:Escape: 
Line |
   3 |      $UsagePattern = :Escape($Asset.Name)
     |                      ~~~~~~~
     | The term ':Escape' is not recognized as a name of a cmdlet, function, script file, or executable program.
Check the spelling of the name, or if a path was included, verify that the path is correct and try again.
:Escape: 
Line |
   3 |      $UsagePattern = :Escape($Asset.Name)
     |                      ~~~~~~~
     | The term ':Escape' is not recognized as a name of a cmdlet, function, script file, or executable program.
Check the spelling of the name, or if a path was included, verify that the path is correct and try again.
>> TerminatingError(Select-String): "Cannot bind argument to parameter 'Pattern' because it is null."
Select-String: 
Line |
   5 |          $SourceFiles | Select-String -Pattern $UsagePattern -SimpleMa …
     |                                                ~~~~~~~~~~~~~
     | Cannot bind argument to parameter 'Pattern' because it is null.
Select-String: 
Line |
   5 |          $SourceFiles | Select-String -Pattern $UsagePattern -SimpleMa …
     |                                                ~~~~~~~~~~~~~
     | Cannot bind argument to parameter 'Pattern' because it is null.
InvalidOperation: 
Line |
  20 |          SizeKB = :Round($Asset.Length / 1KB, 1)
     |                   ~~~~~~~~~~~~~~~~~~~~~~~~~~~~~~
     | Method invocation failed because [System.Object[]] does not contain a method named 'op_Division'.
InvalidOperation: 
Line |
  20 |          SizeKB = :Round($Asset.Length / 1KB, 1)
     |                   ~~~~~~~~~~~~~~~~~~~~~~~~~~~~~~
     | Method invocation failed because [System.Object[]] does not contain a method named 'op_Division'.
:Escape: 
Line |
   3 |      $UsagePattern = :Escape($Asset.Name)
     |                      ~~~~~~~
     | The term ':Escape' is not recognized as a name of a cmdlet, function, script file, or executable program.
Check the spelling of the name, or if a path was included, verify that the path is correct and try again.
:Escape: 
Line |
   3 |      $UsagePattern = :Escape($Asset.Name)
     |                      ~~~~~~~
     | The term ':Escape' is not recognized as a name of a cmdlet, function, script file, or executable program.
Check the spelling of the name, or if a path was included, verify that the path is correct and try again.
>> TerminatingError(Select-String): "Cannot bind argument to parameter 'Pattern' because it is null."
Select-String: 
Line |
   5 |          $SourceFiles | Select-String -Pattern $UsagePattern -SimpleMa …
     |                                                ~~~~~~~~~~~~~
     | Cannot bind argument to parameter 'Pattern' because it is null.
Select-String: 
Line |
   5 |          $SourceFiles | Select-String -Pattern $UsagePattern -SimpleMa …
     |                                                ~~~~~~~~~~~~~
     | Cannot bind argument to parameter 'Pattern' because it is null.
InvalidOperation: 
Line |
  20 |          SizeKB = :Round($Asset.Length / 1KB, 1)
     |                   ~~~~~~~~~~~~~~~~~~~~~~~~~~~~~~
     | Method invocation failed because [System.Object[]] does not contain a method named 'op_Division'.
InvalidOperation: 
Line |
  20 |          SizeKB = :Round($Asset.Length / 1KB, 1)
     |                   ~~~~~~~~~~~~~~~~~~~~~~~~~~~~~~
     | Method invocation failed because [System.Object[]] does not contain a method named 'op_Division'.
:Escape: 
Line |
   3 |      $UsagePattern = :Escape($Asset.Name)
     |                      ~~~~~~~
     | The term ':Escape' is not recognized as a name of a cmdlet, function, script file, or executable program.
Check the spelling of the name, or if a path was included, verify that the path is correct and try again.
:Escape: 
Line |
   3 |      $UsagePattern = :Escape($Asset.Name)
     |                      ~~~~~~~
     | The term ':Escape' is not recognized as a name of a cmdlet, function, script file, or executable program.
Check the spelling of the name, or if a path was included, verify that the path is correct and try again.
>> TerminatingError(Select-String): "Cannot bind argument to parameter 'Pattern' because it is null."
Select-String: 
Line |
   5 |          $SourceFiles | Select-String -Pattern $UsagePattern -SimpleMa …
     |                                                ~~~~~~~~~~~~~
     | Cannot bind argument to parameter 'Pattern' because it is null.
Select-String: 
Line |
   5 |          $SourceFiles | Select-String -Pattern $UsagePattern -SimpleMa …
     |                                                ~~~~~~~~~~~~~
     | Cannot bind argument to parameter 'Pattern' because it is null.
InvalidOperation: 
Line |
  20 |          SizeKB = :Round($Asset.Length / 1KB, 1)
     |                   ~~~~~~~~~~~~~~~~~~~~~~~~~~~~~~
     | Method invocation failed because [System.Object[]] does not contain a method named 'op_Division'.
InvalidOperation: 
Line |
  20 |          SizeKB = :Round($Asset.Length / 1KB, 1)
     |                   ~~~~~~~~~~~~~~~~~~~~~~~~~~~~~~
     | Method invocation failed because [System.Object[]] does not contain a method named 'op_Division'.
:Escape: 
Line |
   3 |      $UsagePattern = :Escape($Asset.Name)
     |                      ~~~~~~~
     | The term ':Escape' is not recognized as a name of a cmdlet, function, script file, or executable program.
Check the spelling of the name, or if a path was included, verify that the path is correct and try again.
:Escape: 
Line |
   3 |      $UsagePattern = :Escape($Asset.Name)
     |                      ~~~~~~~
     | The term ':Escape' is not recognized as a name of a cmdlet, function, script file, or executable program.
Check the spelling of the name, or if a path was included, verify that the path is correct and try again.
>> TerminatingError(Select-String): "Cannot bind argument to parameter 'Pattern' because it is null."
Select-String: 
Line |
   5 |          $SourceFiles | Select-String -Pattern $UsagePattern -SimpleMa …
     |                                                ~~~~~~~~~~~~~
     | Cannot bind argument to parameter 'Pattern' because it is null.
Select-String: 
Line |
   5 |          $SourceFiles | Select-String -Pattern $UsagePattern -SimpleMa …
     |                                                ~~~~~~~~~~~~~
     | Cannot bind argument to parameter 'Pattern' because it is null.
InvalidOperation: 
Line |
  20 |          SizeKB = :Round($Asset.Length / 1KB, 1)
     |                   ~~~~~~~~~~~~~~~~~~~~~~~~~~~~~~
     | Method invocation failed because [System.Object[]] does not contain a method named 'op_Division'.
InvalidOperation: 
Line |
  20 |          SizeKB = :Round($Asset.Length / 1KB, 1)
     |                   ~~~~~~~~~~~~~~~~~~~~~~~~~~~~~~
     | Method invocation failed because [System.Object[]] does not contain a method named 'op_Division'.
:Escape: 
Line |
   3 |      $UsagePattern = :Escape($Asset.Name)
     |                      ~~~~~~~
     | The term ':Escape' is not recognized as a name of a cmdlet, function, script file, or executable program.
Check the spelling of the name, or if a path was included, verify that the path is correct and try again.
:Escape: 
Line |
   3 |      $UsagePattern = :Escape($Asset.Name)
     |                      ~~~~~~~
     | The term ':Escape' is not recognized as a name of a cmdlet, function, script file, or executable program.
Check the spelling of the name, or if a path was included, verify that the path is correct and try again.
>> TerminatingError(Select-String): "Cannot bind argument to parameter 'Pattern' because it is null."
Select-String: 
Line |
   5 |          $SourceFiles | Select-String -Pattern $UsagePattern -SimpleMa …
     |                                                ~~~~~~~~~~~~~
     | Cannot bind argument to parameter 'Pattern' because it is null.
Select-String: 
Line |
   5 |          $SourceFiles | Select-String -Pattern $UsagePattern -SimpleMa …
     |                                                ~~~~~~~~~~~~~
     | Cannot bind argument to parameter 'Pattern' because it is null.
InvalidOperation: 
Line |
  20 |          SizeKB = :Round($Asset.Length / 1KB, 1)
     |                   ~~~~~~~~~~~~~~~~~~~~~~~~~~~~~~
     | Method invocation failed because [System.Object[]] does not contain a method named 'op_Division'.
InvalidOperation: 
Line |
  20 |          SizeKB = :Round($Asset.Length / 1KB, 1)
     |                   ~~~~~~~~~~~~~~~~~~~~~~~~~~~~~~
     | Method invocation failed because [System.Object[]] does not contain a method named 'op_Division'.
:Escape: 
Line |
   3 |      $UsagePattern = :Escape($Asset.Name)
     |                      ~~~~~~~
     | The term ':Escape' is not recognized as a name of a cmdlet, function, script file, or executable program.
Check the spelling of the name, or if a path was included, verify that the path is correct and try again.
:Escape: 
Line |
   3 |      $UsagePattern = :Escape($Asset.Name)
     |                      ~~~~~~~
     | The term ':Escape' is not recognized as a name of a cmdlet, function, script file, or executable program.
Check the spelling of the name, or if a path was included, verify that the path is correct and try again.
>> TerminatingError(Select-String): "Cannot bind argument to parameter 'Pattern' because it is null."
Select-String: 
Line |
   5 |          $SourceFiles | Select-String -Pattern $UsagePattern -SimpleMa …
     |                                                ~~~~~~~~~~~~~
     | Cannot bind argument to parameter 'Pattern' because it is null.
Select-String: 
Line |
   5 |          $SourceFiles | Select-String -Pattern $UsagePattern -SimpleMa …
     |                                                ~~~~~~~~~~~~~
     | Cannot bind argument to parameter 'Pattern' because it is null.
InvalidOperation: 
Line |
  20 |          SizeKB = :Round($Asset.Length / 1KB, 1)
     |                   ~~~~~~~~~~~~~~~~~~~~~~~~~~~~~~
     | Method invocation failed because [System.Object[]] does not contain a method named 'op_Division'.
InvalidOperation: 
Line |
  20 |          SizeKB = :Round($Asset.Length / 1KB, 1)
     |                   ~~~~~~~~~~~~~~~~~~~~~~~~~~~~~~
     | Method invocation failed because [System.Object[]] does not contain a method named 'op_Division'.
:Escape: 
Line |
   3 |      $UsagePattern = :Escape($Asset.Name)
     |                      ~~~~~~~
     | The term ':Escape' is not recognized as a name of a cmdlet, function, script file, or executable program.
Check the spelling of the name, or if a path was included, verify that the path is correct and try again.
:Escape: 
Line |
   3 |      $UsagePattern = :Escape($Asset.Name)
     |                      ~~~~~~~
     | The term ':Escape' is not recognized as a name of a cmdlet, function, script file, or executable program.
Check the spelling of the name, or if a path was included, verify that the path is correct and try again.
>> TerminatingError(Select-String): "Cannot bind argument to parameter 'Pattern' because it is null."
Select-String: 
Line |
   5 |          $SourceFiles | Select-String -Pattern $UsagePattern -SimpleMa …
     |                                                ~~~~~~~~~~~~~
     | Cannot bind argument to parameter 'Pattern' because it is null.
Select-String: 
Line |
   5 |          $SourceFiles | Select-String -Pattern $UsagePattern -SimpleMa …
     |                                                ~~~~~~~~~~~~~
     | Cannot bind argument to parameter 'Pattern' because it is null.
InvalidOperation: 
Line |
  20 |          SizeKB = :Round($Asset.Length / 1KB, 1)
     |                   ~~~~~~~~~~~~~~~~~~~~~~~~~~~~~~
     | Method invocation failed because [System.Object[]] does not contain a method named 'op_Division'.
InvalidOperation: 
Line |
  20 |          SizeKB = :Round($Asset.Length / 1KB, 1)
     |                   ~~~~~~~~~~~~~~~~~~~~~~~~~~~~~~
     | Method invocation failed because [System.Object[]] does not contain a method named 'op_Division'.
:Escape: 
Line |
   3 |      $UsagePattern = :Escape($Asset.Name)
     |                      ~~~~~~~
     | The term ':Escape' is not recognized as a name of a cmdlet, function, script file, or executable program.
Check the spelling of the name, or if a path was included, verify that the path is correct and try again.
:Escape: 
Line |
   3 |      $UsagePattern = :Escape($Asset.Name)
     |                      ~~~~~~~
     | The term ':Escape' is not recognized as a name of a cmdlet, function, script file, or executable program.
Check the spelling of the name, or if a path was included, verify that the path is correct and try again.
>> TerminatingError(Select-String): "Cannot bind argument to parameter 'Pattern' because it is null."
Select-String: 
Line |
   5 |          $SourceFiles | Select-String -Pattern $UsagePattern -SimpleMa …
     |                                                ~~~~~~~~~~~~~
     | Cannot bind argument to parameter 'Pattern' because it is null.
Select-String: 
Line |
   5 |          $SourceFiles | Select-String -Pattern $UsagePattern -SimpleMa …
     |                                                ~~~~~~~~~~~~~
     | Cannot bind argument to parameter 'Pattern' because it is null.
InvalidOperation: 
Line |
  20 |          SizeKB = :Round($Asset.Length / 1KB, 1)
     |                   ~~~~~~~~~~~~~~~~~~~~~~~~~~~~~~
     | Method invocation failed because [System.Object[]] does not contain a method named 'op_Division'.
InvalidOperation: 
Line |
  20 |          SizeKB = :Round($Asset.Length / 1KB, 1)
     |                   ~~~~~~~~~~~~~~~~~~~~~~~~~~~~~~
     | Method invocation failed because [System.Object[]] does not contain a method named 'op_Division'.
:Escape: 
Line |
   3 |      $UsagePattern = :Escape($Asset.Name)
     |                      ~~~~~~~
     | The term ':Escape' is not recognized as a name of a cmdlet, function, script file, or executable program.
Check the spelling of the name, or if a path was included, verify that the path is correct and try again.
:Escape: 
Line |
   3 |      $UsagePattern = :Escape($Asset.Name)
     |                      ~~~~~~~
     | The term ':Escape' is not recognized as a name of a cmdlet, function, script file, or executable program.
Check the spelling of the name, or if a path was included, verify that the path is correct and try again.
>> TerminatingError(Select-String): "Cannot bind argument to parameter 'Pattern' because it is null."
Select-String: 
Line |
   5 |          $SourceFiles | Select-String -Pattern $UsagePattern -SimpleMa …
     |                                                ~~~~~~~~~~~~~
     | Cannot bind argument to parameter 'Pattern' because it is null.
Select-String: 
Line |
   5 |          $SourceFiles | Select-String -Pattern $UsagePattern -SimpleMa …
     |                                                ~~~~~~~~~~~~~
     | Cannot bind argument to parameter 'Pattern' because it is null.
InvalidOperation: 
Line |
  20 |          SizeKB = :Round($Asset.Length / 1KB, 1)
     |                   ~~~~~~~~~~~~~~~~~~~~~~~~~~~~~~
     | Method invocation failed because [System.Object[]] does not contain a method named 'op_Division'.
InvalidOperation: 
Line |
  20 |          SizeKB = :Round($Asset.Length / 1KB, 1)
     |                   ~~~~~~~~~~~~~~~~~~~~~~~~~~~~~~
     | Method invocation failed because [System.Object[]] does not contain a method named 'op_Division'.
:Escape: 
Line |
   3 |      $UsagePattern = :Escape($Asset.Name)
     |                      ~~~~~~~
     | The term ':Escape' is not recognized as a name of a cmdlet, function, script file, or executable program.
Check the spelling of the name, or if a path was included, verify that the path is correct and try again.
:Escape: 
Line |
   3 |      $UsagePattern = :Escape($Asset.Name)
     |                      ~~~~~~~
     | The term ':Escape' is not recognized as a name of a cmdlet, function, script file, or executable program.
Check the spelling of the name, or if a path was included, verify that the path is correct and try again.
>> TerminatingError(Select-String): "Cannot bind argument to parameter 'Pattern' because it is null."
Select-String: 
Line |
   5 |          $SourceFiles | Select-String -Pattern $UsagePattern -SimpleMa …
     |                                                ~~~~~~~~~~~~~
     | Cannot bind argument to parameter 'Pattern' because it is null.
Select-String: 
Line |
   5 |          $SourceFiles | Select-String -Pattern $UsagePattern -SimpleMa …
     |                                                ~~~~~~~~~~~~~
     | Cannot bind argument to parameter 'Pattern' because it is null.
InvalidOperation: 
Line |
  20 |          SizeKB = :Round($Asset.Length / 1KB, 1)
     |                   ~~~~~~~~~~~~~~~~~~~~~~~~~~~~~~
     | Method invocation failed because [System.Object[]] does not contain a method named 'op_Division'.
InvalidOperation: 
Line |
  20 |          SizeKB = :Round($Asset.Length / 1KB, 1)
     |                   ~~~~~~~~~~~~~~~~~~~~~~~~~~~~~~
     | Method invocation failed because [System.Object[]] does not contain a method named 'op_Division'.
:Escape: 
Line |
   3 |      $UsagePattern = :Escape($Asset.Name)
     |                      ~~~~~~~
     | The term ':Escape' is not recognized as a name of a cmdlet, function, script file, or executable program.
Check the spelling of the name, or if a path was included, verify that the path is correct and try again.
:Escape: 
Line |
   3 |      $UsagePattern = :Escape($Asset.Name)
     |                      ~~~~~~~
     | The term ':Escape' is not recognized as a name of a cmdlet, function, script file, or executable program.
Check the spelling of the name, or if a path was included, verify that the path is correct and try again.
>> TerminatingError(Select-String): "Cannot bind argument to parameter 'Pattern' because it is null."
Select-String: 
Line |
   5 |          $SourceFiles | Select-String -Pattern $UsagePattern -SimpleMa …
     |                                                ~~~~~~~~~~~~~
     | Cannot bind argument to parameter 'Pattern' because it is null.
Select-String: 
Line |
   5 |          $SourceFiles | Select-String -Pattern $UsagePattern -SimpleMa …
     |                                                ~~~~~~~~~~~~~
     | Cannot bind argument to parameter 'Pattern' because it is null.
InvalidOperation: 
Line |
  20 |          SizeKB = :Round($Asset.Length / 1KB, 1)
     |                   ~~~~~~~~~~~~~~~~~~~~~~~~~~~~~~
     | Method invocation failed because [System.Object[]] does not contain a method named 'op_Division'.
InvalidOperation: 
Line |
  20 |          SizeKB = :Round($Asset.Length / 1KB, 1)
     |                   ~~~~~~~~~~~~~~~~~~~~~~~~~~~~~~
     | Method invocation failed because [System.Object[]] does not contain a method named 'op_Division'.
:Escape: 
Line |
   3 |      $UsagePattern = :Escape($Asset.Name)
     |                      ~~~~~~~
     | The term ':Escape' is not recognized as a name of a cmdlet, function, script file, or executable program.
Check the spelling of the name, or if a path was included, verify that the path is correct and try again.
:Escape: 
Line |
   3 |      $UsagePattern = :Escape($Asset.Name)
     |                      ~~~~~~~
     | The term ':Escape' is not recognized as a name of a cmdlet, function, script file, or executable program.
Check the spelling of the name, or if a path was included, verify that the path is correct and try again.
>> TerminatingError(Select-String): "Cannot bind argument to parameter 'Pattern' because it is null."
Select-String: 
Line |
   5 |          $SourceFiles | Select-String -Pattern $UsagePattern -SimpleMa …
     |                                                ~~~~~~~~~~~~~
     | Cannot bind argument to parameter 'Pattern' because it is null.
Select-String: 
Line |
   5 |          $SourceFiles | Select-String -Pattern $UsagePattern -SimpleMa …
     |                                                ~~~~~~~~~~~~~
     | Cannot bind argument to parameter 'Pattern' because it is null.
InvalidOperation: 
Line |
  20 |          SizeKB = :Round($Asset.Length / 1KB, 1)
     |                   ~~~~~~~~~~~~~~~~~~~~~~~~~~~~~~
     | Method invocation failed because [System.Object[]] does not contain a method named 'op_Division'.
InvalidOperation: 
Line |
  20 |          SizeKB = :Round($Asset.Length / 1KB, 1)
     |                   ~~~~~~~~~~~~~~~~~~~~~~~~~~~~~~
     | Method invocation failed because [System.Object[]] does not contain a method named 'op_Division'.
:Escape: 
Line |
   3 |      $UsagePattern = :Escape($Asset.Name)
     |                      ~~~~~~~
     | The term ':Escape' is not recognized as a name of a cmdlet, function, script file, or executable program.
Check the spelling of the name, or if a path was included, verify that the path is correct and try again.
:Escape: 
Line |
   3 |      $UsagePattern = :Escape($Asset.Name)
     |                      ~~~~~~~
     | The term ':Escape' is not recognized as a name of a cmdlet, function, script file, or executable program.
Check the spelling of the name, or if a path was included, verify that the path is correct and try again.
>> TerminatingError(Select-String): "Cannot bind argument to parameter 'Pattern' because it is null."
Select-String: 
Line |
   5 |          $SourceFiles | Select-String -Pattern $UsagePattern -SimpleMa …
     |                                                ~~~~~~~~~~~~~
     | Cannot bind argument to parameter 'Pattern' because it is null.
Select-String: 
Line |
   5 |          $SourceFiles | Select-String -Pattern $UsagePattern -SimpleMa …
     |                                                ~~~~~~~~~~~~~
     | Cannot bind argument to parameter 'Pattern' because it is null.
InvalidOperation: 
Line |
  20 |          SizeKB = :Round($Asset.Length / 1KB, 1)
     |                   ~~~~~~~~~~~~~~~~~~~~~~~~~~~~~~
     | Method invocation failed because [System.Object[]] does not contain a method named 'op_Division'.
InvalidOperation: 
Line |
  20 |          SizeKB = :Round($Asset.Length / 1KB, 1)
     |                   ~~~~~~~~~~~~~~~~~~~~~~~~~~~~~~
     | Method invocation failed because [System.Object[]] does not contain a method named 'op_Division'.
:Escape: 
Line |
   3 |      $UsagePattern = :Escape($Asset.Name)
     |                      ~~~~~~~
     | The term ':Escape' is not recognized as a name of a cmdlet, function, script file, or executable program.
Check the spelling of the name, or if a path was included, verify that the path is correct and try again.
:Escape: 
Line |
   3 |      $UsagePattern = :Escape($Asset.Name)
     |                      ~~~~~~~
     | The term ':Escape' is not recognized as a name of a cmdlet, function, script file, or executable program.
Check the spelling of the name, or if a path was included, verify that the path is correct and try again.
>> TerminatingError(Select-String): "Cannot bind argument to parameter 'Pattern' because it is null."
Select-String: 
Line |
   5 |          $SourceFiles | Select-String -Pattern $UsagePattern -SimpleMa …
     |                                                ~~~~~~~~~~~~~
     | Cannot bind argument to parameter 'Pattern' because it is null.
Select-String: 
Line |
   5 |          $SourceFiles | Select-String -Pattern $UsagePattern -SimpleMa …
     |                                                ~~~~~~~~~~~~~
     | Cannot bind argument to parameter 'Pattern' because it is null.
InvalidOperation: 
Line |
  20 |          SizeKB = :Round($Asset.Length / 1KB, 1)
     |                   ~~~~~~~~~~~~~~~~~~~~~~~~~~~~~~
     | Method invocation failed because [System.Object[]] does not contain a method named 'op_Division'.
InvalidOperation: 
Line |
  20 |          SizeKB = :Round($Asset.Length / 1KB, 1)
     |                   ~~~~~~~~~~~~~~~~~~~~~~~~~~~~~~
     | Method invocation failed because [System.Object[]] does not contain a method named 'op_Division'.
:Escape: 
Line |
   3 |      $UsagePattern = :Escape($Asset.Name)
     |                      ~~~~~~~
     | The term ':Escape' is not recognized as a name of a cmdlet, function, script file, or executable program.
Check the spelling of the name, or if a path was included, verify that the path is correct and try again.
:Escape: 
Line |
   3 |      $UsagePattern = :Escape($Asset.Name)
     |                      ~~~~~~~
     | The term ':Escape' is not recognized as a name of a cmdlet, function, script file, or executable program.
Check the spelling of the name, or if a path was included, verify that the path is correct and try again.
>> TerminatingError(Select-String): "Cannot bind argument to parameter 'Pattern' because it is null."
Select-String: 
Line |
   5 |          $SourceFiles | Select-String -Pattern $UsagePattern -SimpleMa …
     |                                                ~~~~~~~~~~~~~
     | Cannot bind argument to parameter 'Pattern' because it is null.
Select-String: 
Line |
   5 |          $SourceFiles | Select-String -Pattern $UsagePattern -SimpleMa …
     |                                                ~~~~~~~~~~~~~
     | Cannot bind argument to parameter 'Pattern' because it is null.
InvalidOperation: 
Line |
  20 |          SizeKB = :Round($Asset.Length / 1KB, 1)
     |                   ~~~~~~~~~~~~~~~~~~~~~~~~~~~~~~
     | Method invocation failed because [System.Object[]] does not contain a method named 'op_Division'.
InvalidOperation: 
Line |
  20 |          SizeKB = :Round($Asset.Length / 1KB, 1)
     |                   ~~~~~~~~~~~~~~~~~~~~~~~~~~~~~~
     | Method invocation failed because [System.Object[]] does not contain a method named 'op_Division'.
:Escape: 
Line |
   3 |      $UsagePattern = :Escape($Asset.Name)
     |                      ~~~~~~~
     | The term ':Escape' is not recognized as a name of a cmdlet, function, script file, or executable program.
Check the spelling of the name, or if a path was included, verify that the path is correct and try again.
:Escape: 
Line |
   3 |      $UsagePattern = :Escape($Asset.Name)
     |                      ~~~~~~~
     | The term ':Escape' is not recognized as a name of a cmdlet, function, script file, or executable program.
Check the spelling of the name, or if a path was included, verify that the path is correct and try again.
>> TerminatingError(Select-String): "Cannot bind argument to parameter 'Pattern' because it is null."
Select-String: 
Line |
   5 |          $SourceFiles | Select-String -Pattern $UsagePattern -SimpleMa …
     |                                                ~~~~~~~~~~~~~
     | Cannot bind argument to parameter 'Pattern' because it is null.
Select-String: 
Line |
   5 |          $SourceFiles | Select-String -Pattern $UsagePattern -SimpleMa …
     |                                                ~~~~~~~~~~~~~
     | Cannot bind argument to parameter 'Pattern' because it is null.
InvalidOperation: 
Line |
  20 |          SizeKB = :Round($Asset.Length / 1KB, 1)
     |                   ~~~~~~~~~~~~~~~~~~~~~~~~~~~~~~
     | Method invocation failed because [System.Object[]] does not contain a method named 'op_Division'.
InvalidOperation: 
Line |
  20 |          SizeKB = :Round($Asset.Length / 1KB, 1)
     |                   ~~~~~~~~~~~~~~~~~~~~~~~~~~~~~~
     | Method invocation failed because [System.Object[]] does not contain a method named 'op_Division'.
:Escape: 
Line |
   3 |      $UsagePattern = :Escape($Asset.Name)
     |                      ~~~~~~~
     | The term ':Escape' is not recognized as a name of a cmdlet, function, script file, or executable program.
Check the spelling of the name, or if a path was included, verify that the path is correct and try again.
:Escape: 
Line |
   3 |      $UsagePattern = :Escape($Asset.Name)
     |                      ~~~~~~~
     | The term ':Escape' is not recognized as a name of a cmdlet, function, script file, or executable program.
Check the spelling of the name, or if a path was included, verify that the path is correct and try again.
>> TerminatingError(Select-String): "Cannot bind argument to parameter 'Pattern' because it is null."
Select-String: 
Line |
   5 |          $SourceFiles | Select-String -Pattern $UsagePattern -SimpleMa …
     |                                                ~~~~~~~~~~~~~
     | Cannot bind argument to parameter 'Pattern' because it is null.
Select-String: 
Line |
   5 |          $SourceFiles | Select-String -Pattern $UsagePattern -SimpleMa …
     |                                                ~~~~~~~~~~~~~
     | Cannot bind argument to parameter 'Pattern' because it is null.
InvalidOperation: 
Line |
  20 |          SizeKB = :Round($Asset.Length / 1KB, 1)
     |                   ~~~~~~~~~~~~~~~~~~~~~~~~~~~~~~
     | Method invocation failed because [System.Object[]] does not contain a method named 'op_Division'.
InvalidOperation: 
Line |
  20 |          SizeKB = :Round($Asset.Length / 1KB, 1)
     |                   ~~~~~~~~~~~~~~~~~~~~~~~~~~~~~~
     | Method invocation failed because [System.Object[]] does not contain a method named 'op_Division'.
:Escape: 
Line |
   3 |      $UsagePattern = :Escape($Asset.Name)
     |                      ~~~~~~~
     | The term ':Escape' is not recognized as a name of a cmdlet, function, script file, or executable program.
Check the spelling of the name, or if a path was included, verify that the path is correct and try again.
:Escape: 
Line |
   3 |      $UsagePattern = :Escape($Asset.Name)
     |                      ~~~~~~~
     | The term ':Escape' is not recognized as a name of a cmdlet, function, script file, or executable program.
Check the spelling of the name, or if a path was included, verify that the path is correct and try again.
>> TerminatingError(Select-String): "Cannot bind argument to parameter 'Pattern' because it is null."
Select-String: 
Line |
   5 |          $SourceFiles | Select-String -Pattern $UsagePattern -SimpleMa …
     |                                                ~~~~~~~~~~~~~
     | Cannot bind argument to parameter 'Pattern' because it is null.
Select-String: 
Line |
   5 |          $SourceFiles | Select-String -Pattern $UsagePattern -SimpleMa …
     |                                                ~~~~~~~~~~~~~
     | Cannot bind argument to parameter 'Pattern' because it is null.
InvalidOperation: 
Line |
  20 |          SizeKB = :Round($Asset.Length / 1KB, 1)
     |                   ~~~~~~~~~~~~~~~~~~~~~~~~~~~~~~
     | Method invocation failed because [System.Object[]] does not contain a method named 'op_Division'.
InvalidOperation: 
Line |
  20 |          SizeKB = :Round($Asset.Length / 1KB, 1)
     |                   ~~~~~~~~~~~~~~~~~~~~~~~~~~~~~~
     | Method invocation failed because [System.Object[]] does not contain a method named 'op_Division'.
:Escape: 
Line |
   3 |      $UsagePattern = :Escape($Asset.Name)
     |                      ~~~~~~~
     | The term ':Escape' is not recognized as a name of a cmdlet, function, script file, or executable program.
Check the spelling of the name, or if a path was included, verify that the path is correct and try again.
:Escape: 
Line |
   3 |      $UsagePattern = :Escape($Asset.Name)
     |                      ~~~~~~~
     | The term ':Escape' is not recognized as a name of a cmdlet, function, script file, or executable program.
Check the spelling of the name, or if a path was included, verify that the path is correct and try again.
>> TerminatingError(Select-String): "Cannot bind argument to parameter 'Pattern' because it is null."
Select-String: 
Line |
   5 |          $SourceFiles | Select-String -Pattern $UsagePattern -SimpleMa …
     |                                                ~~~~~~~~~~~~~
     | Cannot bind argument to parameter 'Pattern' because it is null.
Select-String: 
Line |
   5 |          $SourceFiles | Select-String -Pattern $UsagePattern -SimpleMa …
     |                                                ~~~~~~~~~~~~~
     | Cannot bind argument to parameter 'Pattern' because it is null.
InvalidOperation: 
Line |
  20 |          SizeKB = :Round($Asset.Length / 1KB, 1)
     |                   ~~~~~~~~~~~~~~~~~~~~~~~~~~~~~~
     | Method invocation failed because [System.Object[]] does not contain a method named 'op_Division'.
InvalidOperation: 
Line |
  20 |          SizeKB = :Round($Asset.Length / 1KB, 1)
     |                   ~~~~~~~~~~~~~~~~~~~~~~~~~~~~~~
     | Method invocation failed because [System.Object[]] does not contain a method named 'op_Division'.
:Escape: 
Line |
   3 |      $UsagePattern = :Escape($Asset.Name)
     |                      ~~~~~~~
     | The term ':Escape' is not recognized as a name of a cmdlet, function, script file, or executable program.
Check the spelling of the name, or if a path was included, verify that the path is correct and try again.
:Escape: 
Line |
   3 |      $UsagePattern = :Escape($Asset.Name)
     |                      ~~~~~~~
     | The term ':Escape' is not recognized as a name of a cmdlet, function, script file, or executable program.
Check the spelling of the name, or if a path was included, verify that the path is correct and try again.
>> TerminatingError(Select-String): "Cannot bind argument to parameter 'Pattern' because it is null."
Select-String: 
Line |
   5 |          $SourceFiles | Select-String -Pattern $UsagePattern -SimpleMa …
     |                                                ~~~~~~~~~~~~~
     | Cannot bind argument to parameter 'Pattern' because it is null.
Select-String: 
Line |
   5 |          $SourceFiles | Select-String -Pattern $UsagePattern -SimpleMa …
     |                                                ~~~~~~~~~~~~~
     | Cannot bind argument to parameter 'Pattern' because it is null.
InvalidOperation: 
Line |
  20 |          SizeKB = :Round($Asset.Length / 1KB, 1)
     |                   ~~~~~~~~~~~~~~~~~~~~~~~~~~~~~~
     | Method invocation failed because [System.Object[]] does not contain a method named 'op_Division'.
InvalidOperation: 
Line |
  20 |          SizeKB = :Round($Asset.Length / 1KB, 1)
     |                   ~~~~~~~~~~~~~~~~~~~~~~~~~~~~~~
     | Method invocation failed because [System.Object[]] does not contain a method named 'op_Division'.
:Escape: 
Line |
   3 |      $UsagePattern = :Escape($Asset.Name)
     |                      ~~~~~~~
     | The term ':Escape' is not recognized as a name of a cmdlet, function, script file, or executable program.
Check the spelling of the name, or if a path was included, verify that the path is correct and try again.
:Escape: 
Line |
   3 |      $UsagePattern = :Escape($Asset.Name)
     |                      ~~~~~~~
     | The term ':Escape' is not recognized as a name of a cmdlet, function, script file, or executable program.
Check the spelling of the name, or if a path was included, verify that the path is correct and try again.
>> TerminatingError(Select-String): "Cannot bind argument to parameter 'Pattern' because it is null."
Select-String: 
Line |
   5 |          $SourceFiles | Select-String -Pattern $UsagePattern -SimpleMa …
     |                                                ~~~~~~~~~~~~~
     | Cannot bind argument to parameter 'Pattern' because it is null.
Select-String: 
Line |
   5 |          $SourceFiles | Select-String -Pattern $UsagePattern -SimpleMa …
     |                                                ~~~~~~~~~~~~~
     | Cannot bind argument to parameter 'Pattern' because it is null.
InvalidOperation: 
Line |
  20 |          SizeKB = :Round($Asset.Length / 1KB, 1)
     |                   ~~~~~~~~~~~~~~~~~~~~~~~~~~~~~~
     | Method invocation failed because [System.Object[]] does not contain a method named 'op_Division'.
InvalidOperation: 
Line |
  20 |          SizeKB = :Round($Asset.Length / 1KB, 1)
     |                   ~~~~~~~~~~~~~~~~~~~~~~~~~~~~~~
     | Method invocation failed because [System.Object[]] does not contain a method named 'op_Division'.
:Escape: 
Line |
   3 |      $UsagePattern = :Escape($Asset.Name)
     |                      ~~~~~~~
     | The term ':Escape' is not recognized as a name of a cmdlet, function, script file, or executable program.
Check the spelling of the name, or if a path was included, verify that the path is correct and try again.
:Escape: 
Line |
   3 |      $UsagePattern = :Escape($Asset.Name)
     |                      ~~~~~~~
     | The term ':Escape' is not recognized as a name of a cmdlet, function, script file, or executable program.
Check the spelling of the name, or if a path was included, verify that the path is correct and try again.
>> TerminatingError(Select-String): "Cannot bind argument to parameter 'Pattern' because it is null."
Select-String: 
Line |
   5 |          $SourceFiles | Select-String -Pattern $UsagePattern -SimpleMa …
     |                                                ~~~~~~~~~~~~~
     | Cannot bind argument to parameter 'Pattern' because it is null.
Select-String: 
Line |
   5 |          $SourceFiles | Select-String -Pattern $UsagePattern -SimpleMa …
     |                                                ~~~~~~~~~~~~~
     | Cannot bind argument to parameter 'Pattern' because it is null.
InvalidOperation: 
Line |
  20 |          SizeKB = :Round($Asset.Length / 1KB, 1)
     |                   ~~~~~~~~~~~~~~~~~~~~~~~~~~~~~~
     | Method invocation failed because [System.Object[]] does not contain a method named 'op_Division'.
InvalidOperation: 
Line |
  20 |          SizeKB = :Round($Asset.Length / 1KB, 1)
     |                   ~~~~~~~~~~~~~~~~~~~~~~~~~~~~~~
     | Method invocation failed because [System.Object[]] does not contain a method named 'op_Division'.
:Escape: 
Line |
   3 |      $UsagePattern = :Escape($Asset.Name)
     |                      ~~~~~~~
     | The term ':Escape' is not recognized as a name of a cmdlet, function, script file, or executable program.
Check the spelling of the name, or if a path was included, verify that the path is correct and try again.
:Escape: 
Line |
   3 |      $UsagePattern = :Escape($Asset.Name)
     |                      ~~~~~~~
     | The term ':Escape' is not recognized as a name of a cmdlet, function, script file, or executable program.
Check the spelling of the name, or if a path was included, verify that the path is correct and try again.
>> TerminatingError(Select-String): "Cannot bind argument to parameter 'Pattern' because it is null."
Select-String: 
Line |
   5 |          $SourceFiles | Select-String -Pattern $UsagePattern -SimpleMa …
     |                                                ~~~~~~~~~~~~~
     | Cannot bind argument to parameter 'Pattern' because it is null.
Select-String: 
Line |
   5 |          $SourceFiles | Select-String -Pattern $UsagePattern -SimpleMa …
     |                                                ~~~~~~~~~~~~~
     | Cannot bind argument to parameter 'Pattern' because it is null.
InvalidOperation: 
Line |
  20 |          SizeKB = :Round($Asset.Length / 1KB, 1)
     |                   ~~~~~~~~~~~~~~~~~~~~~~~~~~~~~~
     | Method invocation failed because [System.Object[]] does not contain a method named 'op_Division'.
InvalidOperation: 
Line |
  20 |          SizeKB = :Round($Asset.Length / 1KB, 1)
     |                   ~~~~~~~~~~~~~~~~~~~~~~~~~~~~~~
     | Method invocation failed because [System.Object[]] does not contain a method named 'op_Division'.
:Escape: 
Line |
   3 |      $UsagePattern = :Escape($Asset.Name)
     |                      ~~~~~~~
     | The term ':Escape' is not recognized as a name of a cmdlet, function, script file, or executable program.
Check the spelling of the name, or if a path was included, verify that the path is correct and try again.
:Escape: 
Line |
   3 |      $UsagePattern = :Escape($Asset.Name)
     |                      ~~~~~~~
     | The term ':Escape' is not recognized as a name of a cmdlet, function, script file, or executable program.
Check the spelling of the name, or if a path was included, verify that the path is correct and try again.
>> TerminatingError(Select-String): "Cannot bind argument to parameter 'Pattern' because it is null."
Select-String: 
Line |
   5 |          $SourceFiles | Select-String -Pattern $UsagePattern -SimpleMa …
     |                                                ~~~~~~~~~~~~~
     | Cannot bind argument to parameter 'Pattern' because it is null.
Select-String: 
Line |
   5 |          $SourceFiles | Select-String -Pattern $UsagePattern -SimpleMa …
     |                                                ~~~~~~~~~~~~~
     | Cannot bind argument to parameter 'Pattern' because it is null.
InvalidOperation: 
Line |
  20 |          SizeKB = :Round($Asset.Length / 1KB, 1)
     |                   ~~~~~~~~~~~~~~~~~~~~~~~~~~~~~~
     | Method invocation failed because [System.Object[]] does not contain a method named 'op_Division'.
InvalidOperation: 
Line |
  20 |          SizeKB = :Round($Asset.Length / 1KB, 1)
     |                   ~~~~~~~~~~~~~~~~~~~~~~~~~~~~~~
     | Method invocation failed because [System.Object[]] does not contain a method named 'op_Division'.
:Escape: 
Line |
   3 |      $UsagePattern = :Escape($Asset.Name)
     |                      ~~~~~~~
     | The term ':Escape' is not recognized as a name of a cmdlet, function, script file, or executable program.
Check the spelling of the name, or if a path was included, verify that the path is correct and try again.
:Escape: 
Line |
   3 |      $UsagePattern = :Escape($Asset.Name)
     |                      ~~~~~~~
     | The term ':Escape' is not recognized as a name of a cmdlet, function, script file, or executable program.
Check the spelling of the name, or if a path was included, verify that the path is correct and try again.
>> TerminatingError(Select-String): "Cannot bind argument to parameter 'Pattern' because it is null."
Select-String: 
Line |
   5 |          $SourceFiles | Select-String -Pattern $UsagePattern -SimpleMa …
     |                                                ~~~~~~~~~~~~~
     | Cannot bind argument to parameter 'Pattern' because it is null.
Select-String: 
Line |
   5 |          $SourceFiles | Select-String -Pattern $UsagePattern -SimpleMa …
     |                                                ~~~~~~~~~~~~~
     | Cannot bind argument to parameter 'Pattern' because it is null.
InvalidOperation: 
Line |
  20 |          SizeKB = :Round($Asset.Length / 1KB, 1)
     |                   ~~~~~~~~~~~~~~~~~~~~~~~~~~~~~~
     | Method invocation failed because [System.Object[]] does not contain a method named 'op_Division'.
InvalidOperation: 
Line |
  20 |          SizeKB = :Round($Asset.Length / 1KB, 1)
     |                   ~~~~~~~~~~~~~~~~~~~~~~~~~~~~~~
     | Method invocation failed because [System.Object[]] does not contain a method named 'op_Division'.
:Escape: 
Line |
   3 |      $UsagePattern = :Escape($Asset.Name)
     |                      ~~~~~~~
     | The term ':Escape' is not recognized as a name of a cmdlet, function, script file, or executable program.
Check the spelling of the name, or if a path was included, verify that the path is correct and try again.
:Escape: 
Line |
   3 |      $UsagePattern = :Escape($Asset.Name)
     |                      ~~~~~~~
     | The term ':Escape' is not recognized as a name of a cmdlet, function, script file, or executable program.
Check the spelling of the name, or if a path was included, verify that the path is correct and try again.
>> TerminatingError(Select-String): "Cannot bind argument to parameter 'Pattern' because it is null."
Select-String: 
Line |
   5 |          $SourceFiles | Select-String -Pattern $UsagePattern -SimpleMa …
     |                                                ~~~~~~~~~~~~~
     | Cannot bind argument to parameter 'Pattern' because it is null.
Select-String: 
Line |
   5 |          $SourceFiles | Select-String -Pattern $UsagePattern -SimpleMa …
     |                                                ~~~~~~~~~~~~~
     | Cannot bind argument to parameter 'Pattern' because it is null.
InvalidOperation: 
Line |
  20 |          SizeKB = :Round($Asset.Length / 1KB, 1)
     |                   ~~~~~~~~~~~~~~~~~~~~~~~~~~~~~~
     | Method invocation failed because [System.Object[]] does not contain a method named 'op_Division'.
InvalidOperation: 
Line |
  20 |          SizeKB = :Round($Asset.Length / 1KB, 1)
     |                   ~~~~~~~~~~~~~~~~~~~~~~~~~~~~~~
     | Method invocation failed because [System.Object[]] does not contain a method named 'op_Division'.
:Escape: 
Line |
   3 |      $UsagePattern = :Escape($Asset.Name)
     |                      ~~~~~~~
     | The term ':Escape' is not recognized as a name of a cmdlet, function, script file, or executable program.
Check the spelling of the name, or if a path was included, verify that the path is correct and try again.
:Escape: 
Line |
   3 |      $UsagePattern = :Escape($Asset.Name)
     |                      ~~~~~~~
     | The term ':Escape' is not recognized as a name of a cmdlet, function, script file, or executable program.
Check the spelling of the name, or if a path was included, verify that the path is correct and try again.
>> TerminatingError(Select-String): "Cannot bind argument to parameter 'Pattern' because it is null."
Select-String: 
Line |
   5 |          $SourceFiles | Select-String -Pattern $UsagePattern -SimpleMa …
     |                                                ~~~~~~~~~~~~~
     | Cannot bind argument to parameter 'Pattern' because it is null.
Select-String: 
Line |
   5 |          $SourceFiles | Select-String -Pattern $UsagePattern -SimpleMa …
     |                                                ~~~~~~~~~~~~~
     | Cannot bind argument to parameter 'Pattern' because it is null.
InvalidOperation: 
Line |
  20 |          SizeKB = :Round($Asset.Length / 1KB, 1)
     |                   ~~~~~~~~~~~~~~~~~~~~~~~~~~~~~~
     | Method invocation failed because [System.Object[]] does not contain a method named 'op_Division'.
InvalidOperation: 
Line |
  20 |          SizeKB = :Round($Asset.Length / 1KB, 1)
     |                   ~~~~~~~~~~~~~~~~~~~~~~~~~~~~~~
     | Method invocation failed because [System.Object[]] does not contain a method named 'op_Division'.
:Escape: 
Line |
   3 |      $UsagePattern = :Escape($Asset.Name)
     |                      ~~~~~~~
     | The term ':Escape' is not recognized as a name of a cmdlet, function, script file, or executable program.
Check the spelling of the name, or if a path was included, verify that the path is correct and try again.
:Escape: 
Line |
   3 |      $UsagePattern = :Escape($Asset.Name)
     |                      ~~~~~~~
     | The term ':Escape' is not recognized as a name of a cmdlet, function, script file, or executable program.
Check the spelling of the name, or if a path was included, verify that the path is correct and try again.
>> TerminatingError(Select-String): "Cannot bind argument to parameter 'Pattern' because it is null."
Select-String: 
Line |
   5 |          $SourceFiles | Select-String -Pattern $UsagePattern -SimpleMa …
     |                                                ~~~~~~~~~~~~~
     | Cannot bind argument to parameter 'Pattern' because it is null.
Select-String: 
Line |
   5 |          $SourceFiles | Select-String -Pattern $UsagePattern -SimpleMa …
     |                                                ~~~~~~~~~~~~~
     | Cannot bind argument to parameter 'Pattern' because it is null.
InvalidOperation: 
Line |
  20 |          SizeKB = :Round($Asset.Length / 1KB, 1)
     |                   ~~~~~~~~~~~~~~~~~~~~~~~~~~~~~~
     | Method invocation failed because [System.Object[]] does not contain a method named 'op_Division'.
InvalidOperation: 
Line |
  20 |          SizeKB = :Round($Asset.Length / 1KB, 1)
     |                   ~~~~~~~~~~~~~~~~~~~~~~~~~~~~~~
     | Method invocation failed because [System.Object[]] does not contain a method named 'op_Division'.
:Escape: 
Line |
   3 |      $UsagePattern = :Escape($Asset.Name)
     |                      ~~~~~~~
     | The term ':Escape' is not recognized as a name of a cmdlet, function, script file, or executable program.
Check the spelling of the name, or if a path was included, verify that the path is correct and try again.
:Escape: 
Line |
   3 |      $UsagePattern = :Escape($Asset.Name)
     |                      ~~~~~~~
     | The term ':Escape' is not recognized as a name of a cmdlet, function, script file, or executable program.
Check the spelling of the name, or if a path was included, verify that the path is correct and try again.
>> TerminatingError(Select-String): "Cannot bind argument to parameter 'Pattern' because it is null."
Select-String: 
Line |
   5 |          $SourceFiles | Select-String -Pattern $UsagePattern -SimpleMa …
     |                                                ~~~~~~~~~~~~~
     | Cannot bind argument to parameter 'Pattern' because it is null.
Select-String: 
Line |
   5 |          $SourceFiles | Select-String -Pattern $UsagePattern -SimpleMa …
     |                                                ~~~~~~~~~~~~~
     | Cannot bind argument to parameter 'Pattern' because it is null.
InvalidOperation: 
Line |
  20 |          SizeKB = :Round($Asset.Length / 1KB, 1)
     |                   ~~~~~~~~~~~~~~~~~~~~~~~~~~~~~~
     | Method invocation failed because [System.Object[]] does not contain a method named 'op_Division'.
InvalidOperation: 
Line |
  20 |          SizeKB = :Round($Asset.Length / 1KB, 1)
     |                   ~~~~~~~~~~~~~~~~~~~~~~~~~~~~~~
     | Method invocation failed because [System.Object[]] does not contain a method named 'op_Division'.
:Escape: 
Line |
   3 |      $UsagePattern = :Escape($Asset.Name)
     |                      ~~~~~~~
     | The term ':Escape' is not recognized as a name of a cmdlet, function, script file, or executable program.
Check the spelling of the name, or if a path was included, verify that the path is correct and try again.
:Escape: 
Line |
   3 |      $UsagePattern = :Escape($Asset.Name)
     |                      ~~~~~~~
     | The term ':Escape' is not recognized as a name of a cmdlet, function, script file, or executable program.
Check the spelling of the name, or if a path was included, verify that the path is correct and try again.
>> TerminatingError(Select-String): "Cannot bind argument to parameter 'Pattern' because it is null."
Select-String: 
Line |
   5 |          $SourceFiles | Select-String -Pattern $UsagePattern -SimpleMa …
     |                                                ~~~~~~~~~~~~~
     | Cannot bind argument to parameter 'Pattern' because it is null.
Select-String: 
Line |
   5 |          $SourceFiles | Select-String -Pattern $UsagePattern -SimpleMa …
     |                                                ~~~~~~~~~~~~~
     | Cannot bind argument to parameter 'Pattern' because it is null.
InvalidOperation: 
Line |
  20 |          SizeKB = :Round($Asset.Length / 1KB, 1)
     |                   ~~~~~~~~~~~~~~~~~~~~~~~~~~~~~~
     | Method invocation failed because [System.Object[]] does not contain a method named 'op_Division'.
InvalidOperation: 
Line |
  20 |          SizeKB = :Round($Asset.Length / 1KB, 1)
     |                   ~~~~~~~~~~~~~~~~~~~~~~~~~~~~~~
     | Method invocation failed because [System.Object[]] does not contain a method named 'op_Division'.
:Escape: 
Line |
   3 |      $UsagePattern = :Escape($Asset.Name)
     |                      ~~~~~~~
     | The term ':Escape' is not recognized as a name of a cmdlet, function, script file, or executable program.
Check the spelling of the name, or if a path was included, verify that the path is correct and try again.
:Escape: 
Line |
   3 |      $UsagePattern = :Escape($Asset.Name)
     |                      ~~~~~~~
     | The term ':Escape' is not recognized as a name of a cmdlet, function, script file, or executable program.
Check the spelling of the name, or if a path was included, verify that the path is correct and try again.
>> TerminatingError(Select-String): "Cannot bind argument to parameter 'Pattern' because it is null."
Select-String: 
Line |
   5 |          $SourceFiles | Select-String -Pattern $UsagePattern -SimpleMa …
     |                                                ~~~~~~~~~~~~~
     | Cannot bind argument to parameter 'Pattern' because it is null.
Select-String: 
Line |
   5 |          $SourceFiles | Select-String -Pattern $UsagePattern -SimpleMa …
     |                                                ~~~~~~~~~~~~~
     | Cannot bind argument to parameter 'Pattern' because it is null.
InvalidOperation: 
Line |
  20 |          SizeKB = :Round($Asset.Length / 1KB, 1)
     |                   ~~~~~~~~~~~~~~~~~~~~~~~~~~~~~~
     | Method invocation failed because [System.Object[]] does not contain a method named 'op_Division'.
InvalidOperation: 
Line |
  20 |          SizeKB = :Round($Asset.Length / 1KB, 1)
     |                   ~~~~~~~~~~~~~~~~~~~~~~~~~~~~~~
     | Method invocation failed because [System.Object[]] does not contain a method named 'op_Division'.
:Escape: 
Line |
   3 |      $UsagePattern = :Escape($Asset.Name)
     |                      ~~~~~~~
     | The term ':Escape' is not recognized as a name of a cmdlet, function, script file, or executable program.
Check the spelling of the name, or if a path was included, verify that the path is correct and try again.
:Escape: 
Line |
   3 |      $UsagePattern = :Escape($Asset.Name)
     |                      ~~~~~~~
     | The term ':Escape' is not recognized as a name of a cmdlet, function, script file, or executable program.
Check the spelling of the name, or if a path was included, verify that the path is correct and try again.
>> TerminatingError(Select-String): "Cannot bind argument to parameter 'Pattern' because it is null."
Select-String: 
Line |
   5 |          $SourceFiles | Select-String -Pattern $UsagePattern -SimpleMa …
     |                                                ~~~~~~~~~~~~~
     | Cannot bind argument to parameter 'Pattern' because it is null.
Select-String: 
Line |
   5 |          $SourceFiles | Select-String -Pattern $UsagePattern -SimpleMa …
     |                                                ~~~~~~~~~~~~~
     | Cannot bind argument to parameter 'Pattern' because it is null.
InvalidOperation: 
Line |
  20 |          SizeKB = :Round($Asset.Length / 1KB, 1)
     |                   ~~~~~~~~~~~~~~~~~~~~~~~~~~~~~~
     | Method invocation failed because [System.Object[]] does not contain a method named 'op_Division'.
InvalidOperation: 
Line |
  20 |          SizeKB = :Round($Asset.Length / 1KB, 1)
     |                   ~~~~~~~~~~~~~~~~~~~~~~~~~~~~~~
     | Method invocation failed because [System.Object[]] does not contain a method named 'op_Division'.
:Escape: 
Line |
   3 |      $UsagePattern = :Escape($Asset.Name)
     |                      ~~~~~~~
     | The term ':Escape' is not recognized as a name of a cmdlet, function, script file, or executable program.
Check the spelling of the name, or if a path was included, verify that the path is correct and try again.
:Escape: 
Line |
   3 |      $UsagePattern = :Escape($Asset.Name)
     |                      ~~~~~~~
     | The term ':Escape' is not recognized as a name of a cmdlet, function, script file, or executable program.
Check the spelling of the name, or if a path was included, verify that the path is correct and try again.
>> TerminatingError(Select-String): "Cannot bind argument to parameter 'Pattern' because it is null."
Select-String: 
Line |
   5 |          $SourceFiles | Select-String -Pattern $UsagePattern -SimpleMa …
     |                                                ~~~~~~~~~~~~~
     | Cannot bind argument to parameter 'Pattern' because it is null.
Select-String: 
Line |
   5 |          $SourceFiles | Select-String -Pattern $UsagePattern -SimpleMa …
     |                                                ~~~~~~~~~~~~~
     | Cannot bind argument to parameter 'Pattern' because it is null.
InvalidOperation: 
Line |
  20 |          SizeKB = :Round($Asset.Length / 1KB, 1)
     |                   ~~~~~~~~~~~~~~~~~~~~~~~~~~~~~~
     | Method invocation failed because [System.Object[]] does not contain a method named 'op_Division'.
InvalidOperation: 
Line |
  20 |          SizeKB = :Round($Asset.Length / 1KB, 1)
     |                   ~~~~~~~~~~~~~~~~~~~~~~~~~~~~~~
     | Method invocation failed because [System.Object[]] does not contain a method named 'op_Division'.
:Escape: 
Line |
   3 |      $UsagePattern = :Escape($Asset.Name)
     |                      ~~~~~~~
     | The term ':Escape' is not recognized as a name of a cmdlet, function, script file, or executable program.
Check the spelling of the name, or if a path was included, verify that the path is correct and try again.
:Escape: 
Line |
   3 |      $UsagePattern = :Escape($Asset.Name)
     |                      ~~~~~~~
     | The term ':Escape' is not recognized as a name of a cmdlet, function, script file, or executable program.
Check the spelling of the name, or if a path was included, verify that the path is correct and try again.
>> TerminatingError(Select-String): "Cannot bind argument to parameter 'Pattern' because it is null."
Select-String: 
Line |
   5 |          $SourceFiles | Select-String -Pattern $UsagePattern -SimpleMa …
     |                                                ~~~~~~~~~~~~~
     | Cannot bind argument to parameter 'Pattern' because it is null.
Select-String: 
Line |
   5 |          $SourceFiles | Select-String -Pattern $UsagePattern -SimpleMa …
     |                                                ~~~~~~~~~~~~~
     | Cannot bind argument to parameter 'Pattern' because it is null.
InvalidOperation: 
Line |
  20 |          SizeKB = :Round($Asset.Length / 1KB, 1)
     |                   ~~~~~~~~~~~~~~~~~~~~~~~~~~~~~~
     | Method invocation failed because [System.Object[]] does not contain a method named 'op_Division'.
InvalidOperation: 
Line |
  20 |          SizeKB = :Round($Asset.Length / 1KB, 1)
     |                   ~~~~~~~~~~~~~~~~~~~~~~~~~~~~~~
     | Method invocation failed because [System.Object[]] does not contain a method named 'op_Division'.
:Escape: 
Line |
   3 |      $UsagePattern = :Escape($Asset.Name)
     |                      ~~~~~~~
     | The term ':Escape' is not recognized as a name of a cmdlet, function, script file, or executable program.
Check the spelling of the name, or if a path was included, verify that the path is correct and try again.
:Escape: 
Line |
   3 |      $UsagePattern = :Escape($Asset.Name)
     |                      ~~~~~~~
     | The term ':Escape' is not recognized as a name of a cmdlet, function, script file, or executable program.
Check the spelling of the name, or if a path was included, verify that the path is correct and try again.
>> TerminatingError(Select-String): "Cannot bind argument to parameter 'Pattern' because it is null."
Select-String: 
Line |
   5 |          $SourceFiles | Select-String -Pattern $UsagePattern -SimpleMa …
     |                                                ~~~~~~~~~~~~~
     | Cannot bind argument to parameter 'Pattern' because it is null.
Select-String: 
Line |
   5 |          $SourceFiles | Select-String -Pattern $UsagePattern -SimpleMa …
     |                                                ~~~~~~~~~~~~~
     | Cannot bind argument to parameter 'Pattern' because it is null.
InvalidOperation: 
Line |
  20 |          SizeKB = :Round($Asset.Length / 1KB, 1)
     |                   ~~~~~~~~~~~~~~~~~~~~~~~~~~~~~~
     | Method invocation failed because [System.Object[]] does not contain a method named 'op_Division'.
InvalidOperation: 
Line |
  20 |          SizeKB = :Round($Asset.Length / 1KB, 1)
     |                   ~~~~~~~~~~~~~~~~~~~~~~~~~~~~~~
     | Method invocation failed because [System.Object[]] does not contain a method named 'op_Division'.
:Escape: 
Line |
   3 |      $UsagePattern = :Escape($Asset.Name)
     |                      ~~~~~~~
     | The term ':Escape' is not recognized as a name of a cmdlet, function, script file, or executable program.
Check the spelling of the name, or if a path was included, verify that the path is correct and try again.
:Escape: 
Line |
   3 |      $UsagePattern = :Escape($Asset.Name)
     |                      ~~~~~~~
     | The term ':Escape' is not recognized as a name of a cmdlet, function, script file, or executable program.
Check the spelling of the name, or if a path was included, verify that the path is correct and try again.
>> TerminatingError(Select-String): "Cannot bind argument to parameter 'Pattern' because it is null."
Select-String: 
Line |
   5 |          $SourceFiles | Select-String -Pattern $UsagePattern -SimpleMa …
     |                                                ~~~~~~~~~~~~~
     | Cannot bind argument to parameter 'Pattern' because it is null.
Select-String: 
Line |
   5 |          $SourceFiles | Select-String -Pattern $UsagePattern -SimpleMa …
     |                                                ~~~~~~~~~~~~~
     | Cannot bind argument to parameter 'Pattern' because it is null.
InvalidOperation: 
Line |
  20 |          SizeKB = :Round($Asset.Length / 1KB, 1)
     |                   ~~~~~~~~~~~~~~~~~~~~~~~~~~~~~~
     | Method invocation failed because [System.Object[]] does not contain a method named 'op_Division'.
InvalidOperation: 
Line |
  20 |          SizeKB = :Round($Asset.Length / 1KB, 1)
     |                   ~~~~~~~~~~~~~~~~~~~~~~~~~~~~~~
     | Method invocation failed because [System.Object[]] does not contain a method named 'op_Division'.
:Escape: 
Line |
   3 |      $UsagePattern = :Escape($Asset.Name)
     |                      ~~~~~~~
     | The term ':Escape' is not recognized as a name of a cmdlet, function, script file, or executable program.
Check the spelling of the name, or if a path was included, verify that the path is correct and try again.
:Escape: 
Line |
   3 |      $UsagePattern = :Escape($Asset.Name)
     |                      ~~~~~~~
     | The term ':Escape' is not recognized as a name of a cmdlet, function, script file, or executable program.
Check the spelling of the name, or if a path was included, verify that the path is correct and try again.
>> TerminatingError(Select-String): "Cannot bind argument to parameter 'Pattern' because it is null."
Select-String: 
Line |
   5 |          $SourceFiles | Select-String -Pattern $UsagePattern -SimpleMa …
     |                                                ~~~~~~~~~~~~~
     | Cannot bind argument to parameter 'Pattern' because it is null.
Select-String: 
Line |
   5 |          $SourceFiles | Select-String -Pattern $UsagePattern -SimpleMa …
     |                                                ~~~~~~~~~~~~~
     | Cannot bind argument to parameter 'Pattern' because it is null.
InvalidOperation: 
Line |
  20 |          SizeKB = :Round($Asset.Length / 1KB, 1)
     |                   ~~~~~~~~~~~~~~~~~~~~~~~~~~~~~~
     | Method invocation failed because [System.Object[]] does not contain a method named 'op_Division'.
InvalidOperation: 
Line |
  20 |          SizeKB = :Round($Asset.Length / 1KB, 1)
     |                   ~~~~~~~~~~~~~~~~~~~~~~~~~~~~~~
     | Method invocation failed because [System.Object[]] does not contain a method named 'op_Division'.
:Escape: 
Line |
   3 |      $UsagePattern = :Escape($Asset.Name)
     |                      ~~~~~~~
     | The term ':Escape' is not recognized as a name of a cmdlet, function, script file, or executable program.
Check the spelling of the name, or if a path was included, verify that the path is correct and try again.
:Escape: 
Line |
   3 |      $UsagePattern = :Escape($Asset.Name)
     |                      ~~~~~~~
     | The term ':Escape' is not recognized as a name of a cmdlet, function, script file, or executable program.
Check the spelling of the name, or if a path was included, verify that the path is correct and try again.
>> TerminatingError(Select-String): "Cannot bind argument to parameter 'Pattern' because it is null."
Select-String: 
Line |
   5 |          $SourceFiles | Select-String -Pattern $UsagePattern -SimpleMa …
     |                                                ~~~~~~~~~~~~~
     | Cannot bind argument to parameter 'Pattern' because it is null.
Select-String: 
Line |
   5 |          $SourceFiles | Select-String -Pattern $UsagePattern -SimpleMa …
     |                                                ~~~~~~~~~~~~~
     | Cannot bind argument to parameter 'Pattern' because it is null.
InvalidOperation: 
Line |
  20 |          SizeKB = :Round($Asset.Length / 1KB, 1)
     |                   ~~~~~~~~~~~~~~~~~~~~~~~~~~~~~~
     | Method invocation failed because [System.Object[]] does not contain a method named 'op_Division'.
InvalidOperation: 
Line |
  20 |          SizeKB = :Round($Asset.Length / 1KB, 1)
     |                   ~~~~~~~~~~~~~~~~~~~~~~~~~~~~~~
     | Method invocation failed because [System.Object[]] does not contain a method named 'op_Division'.
:Escape: 
Line |
   3 |      $UsagePattern = :Escape($Asset.Name)
     |                      ~~~~~~~
     | The term ':Escape' is not recognized as a name of a cmdlet, function, script file, or executable program.
Check the spelling of the name, or if a path was included, verify that the path is correct and try again.
:Escape: 
Line |
   3 |      $UsagePattern = :Escape($Asset.Name)
     |                      ~~~~~~~
     | The term ':Escape' is not recognized as a name of a cmdlet, function, script file, or executable program.
Check the spelling of the name, or if a path was included, verify that the path is correct and try again.
>> TerminatingError(Select-String): "Cannot bind argument to parameter 'Pattern' because it is null."
Select-String: 
Line |
   5 |          $SourceFiles | Select-String -Pattern $UsagePattern -SimpleMa …
     |                                                ~~~~~~~~~~~~~
     | Cannot bind argument to parameter 'Pattern' because it is null.
Select-String: 
Line |
   5 |          $SourceFiles | Select-String -Pattern $UsagePattern -SimpleMa …
     |                                                ~~~~~~~~~~~~~
     | Cannot bind argument to parameter 'Pattern' because it is null.
InvalidOperation: 
Line |
  20 |          SizeKB = :Round($Asset.Length / 1KB, 1)
     |                   ~~~~~~~~~~~~~~~~~~~~~~~~~~~~~~
     | Method invocation failed because [System.Object[]] does not contain a method named 'op_Division'.
InvalidOperation: 
Line |
  20 |          SizeKB = :Round($Asset.Length / 1KB, 1)
     |                   ~~~~~~~~~~~~~~~~~~~~~~~~~~~~~~
     | Method invocation failed because [System.Object[]] does not contain a method named 'op_Division'.
:Escape: 
Line |
   3 |      $UsagePattern = :Escape($Asset.Name)
     |                      ~~~~~~~
     | The term ':Escape' is not recognized as a name of a cmdlet, function, script file, or executable program.
Check the spelling of the name, or if a path was included, verify that the path is correct and try again.
:Escape: 
Line |
   3 |      $UsagePattern = :Escape($Asset.Name)
     |                      ~~~~~~~
     | The term ':Escape' is not recognized as a name of a cmdlet, function, script file, or executable program.
Check the spelling of the name, or if a path was included, verify that the path is correct and try again.
>> TerminatingError(Select-String): "Cannot bind argument to parameter 'Pattern' because it is null."
Select-String: 
Line |
   5 |          $SourceFiles | Select-String -Pattern $UsagePattern -SimpleMa …
     |                                                ~~~~~~~~~~~~~
     | Cannot bind argument to parameter 'Pattern' because it is null.
Select-String: 
Line |
   5 |          $SourceFiles | Select-String -Pattern $UsagePattern -SimpleMa …
     |                                                ~~~~~~~~~~~~~
     | Cannot bind argument to parameter 'Pattern' because it is null.
InvalidOperation: 
Line |
  20 |          SizeKB = :Round($Asset.Length / 1KB, 1)
     |                   ~~~~~~~~~~~~~~~~~~~~~~~~~~~~~~
     | Method invocation failed because [System.Object[]] does not contain a method named 'op_Division'.
InvalidOperation: 
Line |
  20 |          SizeKB = :Round($Asset.Length / 1KB, 1)
     |                   ~~~~~~~~~~~~~~~~~~~~~~~~~~~~~~
     | Method invocation failed because [System.Object[]] does not contain a method named 'op_Division'.
:Escape: 
Line |
   3 |      $UsagePattern = :Escape($Asset.Name)
     |                      ~~~~~~~
     | The term ':Escape' is not recognized as a name of a cmdlet, function, script file, or executable program.
Check the spelling of the name, or if a path was included, verify that the path is correct and try again.
:Escape: 
Line |
   3 |      $UsagePattern = :Escape($Asset.Name)
     |                      ~~~~~~~
     | The term ':Escape' is not recognized as a name of a cmdlet, function, script file, or executable program.
Check the spelling of the name, or if a path was included, verify that the path is correct and try again.
>> TerminatingError(Select-String): "Cannot bind argument to parameter 'Pattern' because it is null."
Select-String: 
Line |
   5 |          $SourceFiles | Select-String -Pattern $UsagePattern -SimpleMa …
     |                                                ~~~~~~~~~~~~~
     | Cannot bind argument to parameter 'Pattern' because it is null.
Select-String: 
Line |
   5 |          $SourceFiles | Select-String -Pattern $UsagePattern -SimpleMa …
     |                                                ~~~~~~~~~~~~~
     | Cannot bind argument to parameter 'Pattern' because it is null.
InvalidOperation: 
Line |
  20 |          SizeKB = :Round($Asset.Length / 1KB, 1)
     |                   ~~~~~~~~~~~~~~~~~~~~~~~~~~~~~~
     | Method invocation failed because [System.Object[]] does not contain a method named 'op_Division'.
InvalidOperation: 
Line |
  20 |          SizeKB = :Round($Asset.Length / 1KB, 1)
     |                   ~~~~~~~~~~~~~~~~~~~~~~~~~~~~~~
     | Method invocation failed because [System.Object[]] does not contain a method named 'op_Division'.
:Escape: 
Line |
   3 |      $UsagePattern = :Escape($Asset.Name)
     |                      ~~~~~~~
     | The term ':Escape' is not recognized as a name of a cmdlet, function, script file, or executable program.
Check the spelling of the name, or if a path was included, verify that the path is correct and try again.
:Escape: 
Line |
   3 |      $UsagePattern = :Escape($Asset.Name)
     |                      ~~~~~~~
     | The term ':Escape' is not recognized as a name of a cmdlet, function, script file, or executable program.
Check the spelling of the name, or if a path was included, verify that the path is correct and try again.
>> TerminatingError(Select-String): "Cannot bind argument to parameter 'Pattern' because it is null."
Select-String: 
Line |
   5 |          $SourceFiles | Select-String -Pattern $UsagePattern -SimpleMa …
     |                                                ~~~~~~~~~~~~~
     | Cannot bind argument to parameter 'Pattern' because it is null.
Select-String: 
Line |
   5 |          $SourceFiles | Select-String -Pattern $UsagePattern -SimpleMa …
     |                                                ~~~~~~~~~~~~~
     | Cannot bind argument to parameter 'Pattern' because it is null.
InvalidOperation: 
Line |
  20 |          SizeKB = :Round($Asset.Length / 1KB, 1)
     |                   ~~~~~~~~~~~~~~~~~~~~~~~~~~~~~~
     | Method invocation failed because [System.Object[]] does not contain a method named 'op_Division'.
InvalidOperation: 
Line |
  20 |          SizeKB = :Round($Asset.Length / 1KB, 1)
     |                   ~~~~~~~~~~~~~~~~~~~~~~~~~~~~~~
     | Method invocation failed because [System.Object[]] does not contain a method named 'op_Division'.
:Escape: 
Line |
   3 |      $UsagePattern = :Escape($Asset.Name)
     |                      ~~~~~~~
     | The term ':Escape' is not recognized as a name of a cmdlet, function, script file, or executable program.
Check the spelling of the name, or if a path was included, verify that the path is correct and try again.
:Escape: 
Line |
   3 |      $UsagePattern = :Escape($Asset.Name)
     |                      ~~~~~~~
     | The term ':Escape' is not recognized as a name of a cmdlet, function, script file, or executable program.
Check the spelling of the name, or if a path was included, verify that the path is correct and try again.
>> TerminatingError(Select-String): "Cannot bind argument to parameter 'Pattern' because it is null."
Select-String: 
Line |
   5 |          $SourceFiles | Select-String -Pattern $UsagePattern -SimpleMa …
     |                                                ~~~~~~~~~~~~~
     | Cannot bind argument to parameter 'Pattern' because it is null.
Select-String: 
Line |
   5 |          $SourceFiles | Select-String -Pattern $UsagePattern -SimpleMa …
     |                                                ~~~~~~~~~~~~~
     | Cannot bind argument to parameter 'Pattern' because it is null.
InvalidOperation: 
Line |
  20 |          SizeKB = :Round($Asset.Length / 1KB, 1)
     |                   ~~~~~~~~~~~~~~~~~~~~~~~~~~~~~~
     | Method invocation failed because [System.Object[]] does not contain a method named 'op_Division'.
InvalidOperation: 
Line |
  20 |          SizeKB = :Round($Asset.Length / 1KB, 1)
     |                   ~~~~~~~~~~~~~~~~~~~~~~~~~~~~~~
     | Method invocation failed because [System.Object[]] does not contain a method named 'op_Division'.
:Escape: 
Line |
   3 |      $UsagePattern = :Escape($Asset.Name)
     |                      ~~~~~~~
     | The term ':Escape' is not recognized as a name of a cmdlet, function, script file, or executable program.
Check the spelling of the name, or if a path was included, verify that the path is correct and try again.
:Escape: 
Line |
   3 |      $UsagePattern = :Escape($Asset.Name)
     |                      ~~~~~~~
     | The term ':Escape' is not recognized as a name of a cmdlet, function, script file, or executable program.
Check the spelling of the name, or if a path was included, verify that the path is correct and try again.
>> TerminatingError(Select-String): "Cannot bind argument to parameter 'Pattern' because it is null."
Select-String: 
Line |
   5 |          $SourceFiles | Select-String -Pattern $UsagePattern -SimpleMa …
     |                                                ~~~~~~~~~~~~~
     | Cannot bind argument to parameter 'Pattern' because it is null.
Select-String: 
Line |
   5 |          $SourceFiles | Select-String -Pattern $UsagePattern -SimpleMa …
     |                                                ~~~~~~~~~~~~~
     | Cannot bind argument to parameter 'Pattern' because it is null.
InvalidOperation: 
Line |
  20 |          SizeKB = :Round($Asset.Length / 1KB, 1)
     |                   ~~~~~~~~~~~~~~~~~~~~~~~~~~~~~~
     | Method invocation failed because [System.Object[]] does not contain a method named 'op_Division'.
InvalidOperation: 
Line |
  20 |          SizeKB = :Round($Asset.Length / 1KB, 1)
     |                   ~~~~~~~~~~~~~~~~~~~~~~~~~~~~~~
     | Method invocation failed because [System.Object[]] does not contain a method named 'op_Division'.
:Escape: 
Line |
   3 |      $UsagePattern = :Escape($Asset.Name)
     |                      ~~~~~~~
     | The term ':Escape' is not recognized as a name of a cmdlet, function, script file, or executable program.
Check the spelling of the name, or if a path was included, verify that the path is correct and try again.
:Escape: 
Line |
   3 |      $UsagePattern = :Escape($Asset.Name)
     |                      ~~~~~~~
     | The term ':Escape' is not recognized as a name of a cmdlet, function, script file, or executable program.
Check the spelling of the name, or if a path was included, verify that the path is correct and try again.
>> TerminatingError(Select-String): "Cannot bind argument to parameter 'Pattern' because it is null."
Select-String: 
Line |
   5 |          $SourceFiles | Select-String -Pattern $UsagePattern -SimpleMa …
     |                                                ~~~~~~~~~~~~~
     | Cannot bind argument to parameter 'Pattern' because it is null.
Select-String: 
Line |
   5 |          $SourceFiles | Select-String -Pattern $UsagePattern -SimpleMa …
     |                                                ~~~~~~~~~~~~~
     | Cannot bind argument to parameter 'Pattern' because it is null.
InvalidOperation: 
Line |
  20 |          SizeKB = :Round($Asset.Length / 1KB, 1)
     |                   ~~~~~~~~~~~~~~~~~~~~~~~~~~~~~~
     | Method invocation failed because [System.Object[]] does not contain a method named 'op_Division'.
InvalidOperation: 
Line |
  20 |          SizeKB = :Round($Asset.Length / 1KB, 1)
     |                   ~~~~~~~~~~~~~~~~~~~~~~~~~~~~~~
     | Method invocation failed because [System.Object[]] does not contain a method named 'op_Division'.
:Escape: 
Line |
   3 |      $UsagePattern = :Escape($Asset.Name)
     |                      ~~~~~~~
     | The term ':Escape' is not recognized as a name of a cmdlet, function, script file, or executable program.
Check the spelling of the name, or if a path was included, verify that the path is correct and try again.
:Escape: 
Line |
   3 |      $UsagePattern = :Escape($Asset.Name)
     |                      ~~~~~~~
     | The term ':Escape' is not recognized as a name of a cmdlet, function, script file, or executable program.
Check the spelling of the name, or if a path was included, verify that the path is correct and try again.
>> TerminatingError(Select-String): "Cannot bind argument to parameter 'Pattern' because it is null."
Select-String: 
Line |
   5 |          $SourceFiles | Select-String -Pattern $UsagePattern -SimpleMa …
     |                                                ~~~~~~~~~~~~~
     | Cannot bind argument to parameter 'Pattern' because it is null.
Select-String: 
Line |
   5 |          $SourceFiles | Select-String -Pattern $UsagePattern -SimpleMa …
     |                                                ~~~~~~~~~~~~~
     | Cannot bind argument to parameter 'Pattern' because it is null.
InvalidOperation: 
Line |
  20 |          SizeKB = :Round($Asset.Length / 1KB, 1)
     |                   ~~~~~~~~~~~~~~~~~~~~~~~~~~~~~~
     | Method invocation failed because [System.Object[]] does not contain a method named 'op_Division'.
InvalidOperation: 
Line |
  20 |          SizeKB = :Round($Asset.Length / 1KB, 1)
     |                   ~~~~~~~~~~~~~~~~~~~~~~~~~~~~~~
     | Method invocation failed because [System.Object[]] does not contain a method named 'op_Division'.
:Escape: 
Line |
   3 |      $UsagePattern = :Escape($Asset.Name)
     |                      ~~~~~~~
     | The term ':Escape' is not recognized as a name of a cmdlet, function, script file, or executable program.
Check the spelling of the name, or if a path was included, verify that the path is correct and try again.
:Escape: 
Line |
   3 |      $UsagePattern = :Escape($Asset.Name)
     |                      ~~~~~~~
     | The term ':Escape' is not recognized as a name of a cmdlet, function, script file, or executable program.
Check the spelling of the name, or if a path was included, verify that the path is correct and try again.
>> TerminatingError(Select-String): "Cannot bind argument to parameter 'Pattern' because it is null."
Select-String: 
Line |
   5 |          $SourceFiles | Select-String -Pattern $UsagePattern -SimpleMa …
     |                                                ~~~~~~~~~~~~~
     | Cannot bind argument to parameter 'Pattern' because it is null.
Select-String: 
Line |
   5 |          $SourceFiles | Select-String -Pattern $UsagePattern -SimpleMa …
     |                                                ~~~~~~~~~~~~~
     | Cannot bind argument to parameter 'Pattern' because it is null.
InvalidOperation: 
Line |
  20 |          SizeKB = :Round($Asset.Length / 1KB, 1)
     |                   ~~~~~~~~~~~~~~~~~~~~~~~~~~~~~~
     | Method invocation failed because [System.Object[]] does not contain a method named 'op_Division'.
InvalidOperation: 
Line |
  20 |          SizeKB = :Round($Asset.Length / 1KB, 1)
     |                   ~~~~~~~~~~~~~~~~~~~~~~~~~~~~~~
     | Method invocation failed because [System.Object[]] does not contain a method named 'op_Division'.
:Escape: 
Line |
   3 |      $UsagePattern = :Escape($Asset.Name)
     |                      ~~~~~~~
     | The term ':Escape' is not recognized as a name of a cmdlet, function, script file, or executable program.
Check the spelling of the name, or if a path was included, verify that the path is correct and try again.
:Escape: 
Line |
   3 |      $UsagePattern = :Escape($Asset.Name)
     |                      ~~~~~~~
     | The term ':Escape' is not recognized as a name of a cmdlet, function, script file, or executable program.
Check the spelling of the name, or if a path was included, verify that the path is correct and try again.
>> TerminatingError(Select-String): "Cannot bind argument to parameter 'Pattern' because it is null."
Select-String: 
Line |
   5 |          $SourceFiles | Select-String -Pattern $UsagePattern -SimpleMa …
     |                                                ~~~~~~~~~~~~~
     | Cannot bind argument to parameter 'Pattern' because it is null.
Select-String: 
Line |
   5 |          $SourceFiles | Select-String -Pattern $UsagePattern -SimpleMa …
     |                                                ~~~~~~~~~~~~~
     | Cannot bind argument to parameter 'Pattern' because it is null.
InvalidOperation: 
Line |
  20 |          SizeKB = :Round($Asset.Length / 1KB, 1)
     |                   ~~~~~~~~~~~~~~~~~~~~~~~~~~~~~~
     | Method invocation failed because [System.Object[]] does not contain a method named 'op_Division'.
InvalidOperation: 
Line |
  20 |          SizeKB = :Round($Asset.Length / 1KB, 1)
     |                   ~~~~~~~~~~~~~~~~~~~~~~~~~~~~~~
     | Method invocation failed because [System.Object[]] does not contain a method named 'op_Division'.
:Escape: 
Line |
   3 |      $UsagePattern = :Escape($Asset.Name)
     |                      ~~~~~~~
     | The term ':Escape' is not recognized as a name of a cmdlet, function, script file, or executable program.
Check the spelling of the name, or if a path was included, verify that the path is correct and try again.
:Escape: 
Line |
   3 |      $UsagePattern = :Escape($Asset.Name)
     |                      ~~~~~~~
     | The term ':Escape' is not recognized as a name of a cmdlet, function, script file, or executable program.
Check the spelling of the name, or if a path was included, verify that the path is correct and try again.
>> TerminatingError(Select-String): "Cannot bind argument to parameter 'Pattern' because it is null."
Select-String: 
Line |
   5 |          $SourceFiles | Select-String -Pattern $UsagePattern -SimpleMa …
     |                                                ~~~~~~~~~~~~~
     | Cannot bind argument to parameter 'Pattern' because it is null.
Select-String: 
Line |
   5 |          $SourceFiles | Select-String -Pattern $UsagePattern -SimpleMa …
     |                                                ~~~~~~~~~~~~~
     | Cannot bind argument to parameter 'Pattern' because it is null.
InvalidOperation: 
Line |
  20 |          SizeKB = :Round($Asset.Length / 1KB, 1)
     |                   ~~~~~~~~~~~~~~~~~~~~~~~~~~~~~~
     | Method invocation failed because [System.Object[]] does not contain a method named 'op_Division'.
InvalidOperation: 
Line |
  20 |          SizeKB = :Round($Asset.Length / 1KB, 1)
     |                   ~~~~~~~~~~~~~~~~~~~~~~~~~~~~~~
     | Method invocation failed because [System.Object[]] does not contain a method named 'op_Division'.
:Escape: 
Line |
   3 |      $UsagePattern = :Escape($Asset.Name)
     |                      ~~~~~~~
     | The term ':Escape' is not recognized as a name of a cmdlet, function, script file, or executable program.
Check the spelling of the name, or if a path was included, verify that the path is correct and try again.
:Escape: 
Line |
   3 |      $UsagePattern = :Escape($Asset.Name)
     |                      ~~~~~~~
     | The term ':Escape' is not recognized as a name of a cmdlet, function, script file, or executable program.
Check the spelling of the name, or if a path was included, verify that the path is correct and try again.
>> TerminatingError(Select-String): "Cannot bind argument to parameter 'Pattern' because it is null."
Select-String: 
Line |
   5 |          $SourceFiles | Select-String -Pattern $UsagePattern -SimpleMa …
     |                                                ~~~~~~~~~~~~~
     | Cannot bind argument to parameter 'Pattern' because it is null.
Select-String: 
Line |
   5 |          $SourceFiles | Select-String -Pattern $UsagePattern -SimpleMa …
     |                                                ~~~~~~~~~~~~~
     | Cannot bind argument to parameter 'Pattern' because it is null.
InvalidOperation: 
Line |
  20 |          SizeKB = :Round($Asset.Length / 1KB, 1)
     |                   ~~~~~~~~~~~~~~~~~~~~~~~~~~~~~~
     | Method invocation failed because [System.Object[]] does not contain a method named 'op_Division'.
InvalidOperation: 
Line |
  20 |          SizeKB = :Round($Asset.Length / 1KB, 1)
     |                   ~~~~~~~~~~~~~~~~~~~~~~~~~~~~~~
     | Method invocation failed because [System.Object[]] does not contain a method named 'op_Division'.
:Escape: 
Line |
   3 |      $UsagePattern = :Escape($Asset.Name)
     |                      ~~~~~~~
     | The term ':Escape' is not recognized as a name of a cmdlet, function, script file, or executable program.
Check the spelling of the name, or if a path was included, verify that the path is correct and try again.
:Escape: 
Line |
   3 |      $UsagePattern = :Escape($Asset.Name)
     |                      ~~~~~~~
     | The term ':Escape' is not recognized as a name of a cmdlet, function, script file, or executable program.
Check the spelling of the name, or if a path was included, verify that the path is correct and try again.
>> TerminatingError(Select-String): "Cannot bind argument to parameter 'Pattern' because it is null."
Select-String: 
Line |
   5 |          $SourceFiles | Select-String -Pattern $UsagePattern -SimpleMa …
     |                                                ~~~~~~~~~~~~~
     | Cannot bind argument to parameter 'Pattern' because it is null.
Select-String: 
Line |
   5 |          $SourceFiles | Select-String -Pattern $UsagePattern -SimpleMa …
     |                                                ~~~~~~~~~~~~~
     | Cannot bind argument to parameter 'Pattern' because it is null.
InvalidOperation: 
Line |
  20 |          SizeKB = :Round($Asset.Length / 1KB, 1)
     |                   ~~~~~~~~~~~~~~~~~~~~~~~~~~~~~~
     | Method invocation failed because [System.Object[]] does not contain a method named 'op_Division'.
InvalidOperation: 
Line |
  20 |          SizeKB = :Round($Asset.Length / 1KB, 1)
     |                   ~~~~~~~~~~~~~~~~~~~~~~~~~~~~~~
     | Method invocation failed because [System.Object[]] does not contain a method named 'op_Division'.
:Escape: 
Line |
   3 |      $UsagePattern = :Escape($Asset.Name)
     |                      ~~~~~~~
     | The term ':Escape' is not recognized as a name of a cmdlet, function, script file, or executable program.
Check the spelling of the name, or if a path was included, verify that the path is correct and try again.
:Escape: 
Line |
   3 |      $UsagePattern = :Escape($Asset.Name)
     |                      ~~~~~~~
     | The term ':Escape' is not recognized as a name of a cmdlet, function, script file, or executable program.
Check the spelling of the name, or if a path was included, verify that the path is correct and try again.
>> TerminatingError(Select-String): "Cannot bind argument to parameter 'Pattern' because it is null."
Select-String: 
Line |
   5 |          $SourceFiles | Select-String -Pattern $UsagePattern -SimpleMa …
     |                                                ~~~~~~~~~~~~~
     | Cannot bind argument to parameter 'Pattern' because it is null.
Select-String: 
Line |
   5 |          $SourceFiles | Select-String -Pattern $UsagePattern -SimpleMa …
     |                                                ~~~~~~~~~~~~~
     | Cannot bind argument to parameter 'Pattern' because it is null.
InvalidOperation: 
Line |
  20 |          SizeKB = :Round($Asset.Length / 1KB, 1)
     |                   ~~~~~~~~~~~~~~~~~~~~~~~~~~~~~~
     | Method invocation failed because [System.Object[]] does not contain a method named 'op_Division'.
InvalidOperation: 
Line |
  20 |          SizeKB = :Round($Asset.Length / 1KB, 1)
     |                   ~~~~~~~~~~~~~~~~~~~~~~~~~~~~~~
     | Method invocation failed because [System.Object[]] does not contain a method named 'op_Division'.
:Escape: 
Line |
   3 |      $UsagePattern = :Escape($Asset.Name)
     |                      ~~~~~~~
     | The term ':Escape' is not recognized as a name of a cmdlet, function, script file, or executable program.
Check the spelling of the name, or if a path was included, verify that the path is correct and try again.
:Escape: 
Line |
   3 |      $UsagePattern = :Escape($Asset.Name)
     |                      ~~~~~~~
     | The term ':Escape' is not recognized as a name of a cmdlet, function, script file, or executable program.
Check the spelling of the name, or if a path was included, verify that the path is correct and try again.
>> TerminatingError(Select-String): "Cannot bind argument to parameter 'Pattern' because it is null."
Select-String: 
Line |
   5 |          $SourceFiles | Select-String -Pattern $UsagePattern -SimpleMa …
     |                                                ~~~~~~~~~~~~~
     | Cannot bind argument to parameter 'Pattern' because it is null.
Select-String: 
Line |
   5 |          $SourceFiles | Select-String -Pattern $UsagePattern -SimpleMa …
     |                                                ~~~~~~~~~~~~~
     | Cannot bind argument to parameter 'Pattern' because it is null.
InvalidOperation: 
Line |
  20 |          SizeKB = :Round($Asset.Length / 1KB, 1)
     |                   ~~~~~~~~~~~~~~~~~~~~~~~~~~~~~~
     | Method invocation failed because [System.Object[]] does not contain a method named 'op_Division'.
InvalidOperation: 
Line |
  20 |          SizeKB = :Round($Asset.Length / 1KB, 1)
     |                   ~~~~~~~~~~~~~~~~~~~~~~~~~~~~~~
     | Method invocation failed because [System.Object[]] does not contain a method named 'op_Division'.
:Escape: 
Line |
   3 |      $UsagePattern = :Escape($Asset.Name)
     |                      ~~~~~~~
     | The term ':Escape' is not recognized as a name of a cmdlet, function, script file, or executable program.
Check the spelling of the name, or if a path was included, verify that the path is correct and try again.
:Escape: 
Line |
   3 |      $UsagePattern = :Escape($Asset.Name)
     |                      ~~~~~~~
     | The term ':Escape' is not recognized as a name of a cmdlet, function, script file, or executable program.
Check the spelling of the name, or if a path was included, verify that the path is correct and try again.
>> TerminatingError(Select-String): "Cannot bind argument to parameter 'Pattern' because it is null."
Select-String: 
Line |
   5 |          $SourceFiles | Select-String -Pattern $UsagePattern -SimpleMa …
     |                                                ~~~~~~~~~~~~~
     | Cannot bind argument to parameter 'Pattern' because it is null.
Select-String: 
Line |
   5 |          $SourceFiles | Select-String -Pattern $UsagePattern -SimpleMa …
     |                                                ~~~~~~~~~~~~~
     | Cannot bind argument to parameter 'Pattern' because it is null.
InvalidOperation: 
Line |
  20 |          SizeKB = :Round($Asset.Length / 1KB, 1)
     |                   ~~~~~~~~~~~~~~~~~~~~~~~~~~~~~~
     | Method invocation failed because [System.Object[]] does not contain a method named 'op_Division'.
InvalidOperation: 
Line |
  20 |          SizeKB = :Round($Asset.Length / 1KB, 1)
     |                   ~~~~~~~~~~~~~~~~~~~~~~~~~~~~~~
     | Method invocation failed because [System.Object[]] does not contain a method named 'op_Division'.
:Escape: 
Line |
   3 |      $UsagePattern = :Escape($Asset.Name)
     |                      ~~~~~~~
     | The term ':Escape' is not recognized as a name of a cmdlet, function, script file, or executable program.
Check the spelling of the name, or if a path was included, verify that the path is correct and try again.
:Escape: 
Line |
   3 |      $UsagePattern = :Escape($Asset.Name)
     |                      ~~~~~~~
     | The term ':Escape' is not recognized as a name of a cmdlet, function, script file, or executable program.
Check the spelling of the name, or if a path was included, verify that the path is correct and try again.
>> TerminatingError(Select-String): "Cannot bind argument to parameter 'Pattern' because it is null."
Select-String: 
Line |
   5 |          $SourceFiles | Select-String -Pattern $UsagePattern -SimpleMa …
     |                                                ~~~~~~~~~~~~~
     | Cannot bind argument to parameter 'Pattern' because it is null.
Select-String: 
Line |
   5 |          $SourceFiles | Select-String -Pattern $UsagePattern -SimpleMa …
     |                                                ~~~~~~~~~~~~~
     | Cannot bind argument to parameter 'Pattern' because it is null.
InvalidOperation: 
Line |
  20 |          SizeKB = :Round($Asset.Length / 1KB, 1)
     |                   ~~~~~~~~~~~~~~~~~~~~~~~~~~~~~~
     | Method invocation failed because [System.Object[]] does not contain a method named 'op_Division'.
InvalidOperation: 
Line |
  20 |          SizeKB = :Round($Asset.Length / 1KB, 1)
     |                   ~~~~~~~~~~~~~~~~~~~~~~~~~~~~~~
     | Method invocation failed because [System.Object[]] does not contain a method named 'op_Division'.
:Escape: 
Line |
   3 |      $UsagePattern = :Escape($Asset.Name)
     |                      ~~~~~~~
     | The term ':Escape' is not recognized as a name of a cmdlet, function, script file, or executable program.
Check the spelling of the name, or if a path was included, verify that the path is correct and try again.
:Escape: 
Line |
   3 |      $UsagePattern = :Escape($Asset.Name)
     |                      ~~~~~~~
     | The term ':Escape' is not recognized as a name of a cmdlet, function, script file, or executable program.
Check the spelling of the name, or if a path was included, verify that the path is correct and try again.
>> TerminatingError(Select-String): "Cannot bind argument to parameter 'Pattern' because it is null."
Select-String: 
Line |
   5 |          $SourceFiles | Select-String -Pattern $UsagePattern -SimpleMa …
     |                                                ~~~~~~~~~~~~~
     | Cannot bind argument to parameter 'Pattern' because it is null.
Select-String: 
Line |
   5 |          $SourceFiles | Select-String -Pattern $UsagePattern -SimpleMa …
     |                                                ~~~~~~~~~~~~~
     | Cannot bind argument to parameter 'Pattern' because it is null.
InvalidOperation: 
Line |
  20 |          SizeKB = :Round($Asset.Length / 1KB, 1)
     |                   ~~~~~~~~~~~~~~~~~~~~~~~~~~~~~~
     | Method invocation failed because [System.Object[]] does not contain a method named 'op_Division'.
InvalidOperation: 
Line |
  20 |          SizeKB = :Round($Asset.Length / 1KB, 1)
     |                   ~~~~~~~~~~~~~~~~~~~~~~~~~~~~~~
     | Method invocation failed because [System.Object[]] does not contain a method named 'op_Division'.
:Escape: 
Line |
   3 |      $UsagePattern = :Escape($Asset.Name)
     |                      ~~~~~~~
     | The term ':Escape' is not recognized as a name of a cmdlet, function, script file, or executable program.
Check the spelling of the name, or if a path was included, verify that the path is correct and try again.
:Escape: 
Line |
   3 |      $UsagePattern = :Escape($Asset.Name)
     |                      ~~~~~~~
     | The term ':Escape' is not recognized as a name of a cmdlet, function, script file, or executable program.
Check the spelling of the name, or if a path was included, verify that the path is correct and try again.
>> TerminatingError(Select-String): "Cannot bind argument to parameter 'Pattern' because it is null."
Select-String: 
Line |
   5 |          $SourceFiles | Select-String -Pattern $UsagePattern -SimpleMa …
     |                                                ~~~~~~~~~~~~~
     | Cannot bind argument to parameter 'Pattern' because it is null.
Select-String: 
Line |
   5 |          $SourceFiles | Select-String -Pattern $UsagePattern -SimpleMa …
     |                                                ~~~~~~~~~~~~~
     | Cannot bind argument to parameter 'Pattern' because it is null.
InvalidOperation: 
Line |
  20 |          SizeKB = :Round($Asset.Length / 1KB, 1)
     |                   ~~~~~~~~~~~~~~~~~~~~~~~~~~~~~~
     | Method invocation failed because [System.Object[]] does not contain a method named 'op_Division'.
InvalidOperation: 
Line |
  20 |          SizeKB = :Round($Asset.Length / 1KB, 1)
     |                   ~~~~~~~~~~~~~~~~~~~~~~~~~~~~~~
     | Method invocation failed because [System.Object[]] does not contain a method named 'op_Division'.
:Escape: 
Line |
   3 |      $UsagePattern = :Escape($Asset.Name)
     |                      ~~~~~~~
     | The term ':Escape' is not recognized as a name of a cmdlet, function, script file, or executable program.
Check the spelling of the name, or if a path was included, verify that the path is correct and try again.
:Escape: 
Line |
   3 |      $UsagePattern = :Escape($Asset.Name)
     |                      ~~~~~~~
     | The term ':Escape' is not recognized as a name of a cmdlet, function, script file, or executable program.
Check the spelling of the name, or if a path was included, verify that the path is correct and try again.
>> TerminatingError(Select-String): "Cannot bind argument to parameter 'Pattern' because it is null."
Select-String: 
Line |
   5 |          $SourceFiles | Select-String -Pattern $UsagePattern -SimpleMa …
     |                                                ~~~~~~~~~~~~~
     | Cannot bind argument to parameter 'Pattern' because it is null.
Select-String: 
Line |
   5 |          $SourceFiles | Select-String -Pattern $UsagePattern -SimpleMa …
     |                                                ~~~~~~~~~~~~~
     | Cannot bind argument to parameter 'Pattern' because it is null.
InvalidOperation: 
Line |
  20 |          SizeKB = :Round($Asset.Length / 1KB, 1)
     |                   ~~~~~~~~~~~~~~~~~~~~~~~~~~~~~~
     | Method invocation failed because [System.Object[]] does not contain a method named 'op_Division'.
InvalidOperation: 
Line |
  20 |          SizeKB = :Round($Asset.Length / 1KB, 1)
     |                   ~~~~~~~~~~~~~~~~~~~~~~~~~~~~~~
     | Method invocation failed because [System.Object[]] does not contain a method named 'op_Division'.
:Escape: 
Line |
   3 |      $UsagePattern = :Escape($Asset.Name)
     |                      ~~~~~~~
     | The term ':Escape' is not recognized as a name of a cmdlet, function, script file, or executable program.
Check the spelling of the name, or if a path was included, verify that the path is correct and try again.
:Escape: 
Line |
   3 |      $UsagePattern = :Escape($Asset.Name)
     |                      ~~~~~~~
     | The term ':Escape' is not recognized as a name of a cmdlet, function, script file, or executable program.
Check the spelling of the name, or if a path was included, verify that the path is correct and try again.
>> TerminatingError(Select-String): "Cannot bind argument to parameter 'Pattern' because it is null."
Select-String: 
Line |
   5 |          $SourceFiles | Select-String -Pattern $UsagePattern -SimpleMa …
     |                                                ~~~~~~~~~~~~~
     | Cannot bind argument to parameter 'Pattern' because it is null.
Select-String: 
Line |
   5 |          $SourceFiles | Select-String -Pattern $UsagePattern -SimpleMa …
     |                                                ~~~~~~~~~~~~~
     | Cannot bind argument to parameter 'Pattern' because it is null.
InvalidOperation: 
Line |
  20 |          SizeKB = :Round($Asset.Length / 1KB, 1)
     |                   ~~~~~~~~~~~~~~~~~~~~~~~~~~~~~~
     | Method invocation failed because [System.Object[]] does not contain a method named 'op_Division'.
InvalidOperation: 
Line |
  20 |          SizeKB = :Round($Asset.Length / 1KB, 1)
     |                   ~~~~~~~~~~~~~~~~~~~~~~~~~~~~~~
     | Method invocation failed because [System.Object[]] does not contain a method named 'op_Division'.
:Escape: 
Line |
   3 |      $UsagePattern = :Escape($Asset.Name)
     |                      ~~~~~~~
     | The term ':Escape' is not recognized as a name of a cmdlet, function, script file, or executable program.
Check the spelling of the name, or if a path was included, verify that the path is correct and try again.
:Escape: 
Line |
   3 |      $UsagePattern = :Escape($Asset.Name)
     |                      ~~~~~~~
     | The term ':Escape' is not recognized as a name of a cmdlet, function, script file, or executable program.
Check the spelling of the name, or if a path was included, verify that the path is correct and try again.
>> TerminatingError(Select-String): "Cannot bind argument to parameter 'Pattern' because it is null."
Select-String: 
Line |
   5 |          $SourceFiles | Select-String -Pattern $UsagePattern -SimpleMa …
     |                                                ~~~~~~~~~~~~~
     | Cannot bind argument to parameter 'Pattern' because it is null.
Select-String: 
Line |
   5 |          $SourceFiles | Select-String -Pattern $UsagePattern -SimpleMa …
     |                                                ~~~~~~~~~~~~~
     | Cannot bind argument to parameter 'Pattern' because it is null.
InvalidOperation: 
Line |
  20 |          SizeKB = :Round($Asset.Length / 1KB, 1)
     |                   ~~~~~~~~~~~~~~~~~~~~~~~~~~~~~~
     | Method invocation failed because [System.Object[]] does not contain a method named 'op_Division'.
InvalidOperation: 
Line |
  20 |          SizeKB = :Round($Asset.Length / 1KB, 1)
     |                   ~~~~~~~~~~~~~~~~~~~~~~~~~~~~~~
     | Method invocation failed because [System.Object[]] does not contain a method named 'op_Division'.
:Escape: 
Line |
   3 |      $UsagePattern = :Escape($Asset.Name)
     |                      ~~~~~~~
     | The term ':Escape' is not recognized as a name of a cmdlet, function, script file, or executable program.
Check the spelling of the name, or if a path was included, verify that the path is correct and try again.
:Escape: 
Line |
   3 |      $UsagePattern = :Escape($Asset.Name)
     |                      ~~~~~~~
     | The term ':Escape' is not recognized as a name of a cmdlet, function, script file, or executable program.
Check the spelling of the name, or if a path was included, verify that the path is correct and try again.
>> TerminatingError(Select-String): "Cannot bind argument to parameter 'Pattern' because it is null."
Select-String: 
Line |
   5 |          $SourceFiles | Select-String -Pattern $UsagePattern -SimpleMa …
     |                                                ~~~~~~~~~~~~~
     | Cannot bind argument to parameter 'Pattern' because it is null.
Select-String: 
Line |
   5 |          $SourceFiles | Select-String -Pattern $UsagePattern -SimpleMa …
     |                                                ~~~~~~~~~~~~~
     | Cannot bind argument to parameter 'Pattern' because it is null.
InvalidOperation: 
Line |
  20 |          SizeKB = :Round($Asset.Length / 1KB, 1)
     |                   ~~~~~~~~~~~~~~~~~~~~~~~~~~~~~~
     | Method invocation failed because [System.Object[]] does not contain a method named 'op_Division'.
InvalidOperation: 
Line |
  20 |          SizeKB = :Round($Asset.Length / 1KB, 1)
     |                   ~~~~~~~~~~~~~~~~~~~~~~~~~~~~~~
     | Method invocation failed because [System.Object[]] does not contain a method named 'op_Division'.
:Escape: 
Line |
   3 |      $UsagePattern = :Escape($Asset.Name)
     |                      ~~~~~~~
     | The term ':Escape' is not recognized as a name of a cmdlet, function, script file, or executable program.
Check the spelling of the name, or if a path was included, verify that the path is correct and try again.
:Escape: 
Line |
   3 |      $UsagePattern = :Escape($Asset.Name)
     |                      ~~~~~~~
     | The term ':Escape' is not recognized as a name of a cmdlet, function, script file, or executable program.
Check the spelling of the name, or if a path was included, verify that the path is correct and try again.
>> TerminatingError(Select-String): "Cannot bind argument to parameter 'Pattern' because it is null."
Select-String: 
Line |
   5 |          $SourceFiles | Select-String -Pattern $UsagePattern -SimpleMa …
     |                                                ~~~~~~~~~~~~~
     | Cannot bind argument to parameter 'Pattern' because it is null.
Select-String: 
Line |
   5 |          $SourceFiles | Select-String -Pattern $UsagePattern -SimpleMa …
     |                                                ~~~~~~~~~~~~~
     | Cannot bind argument to parameter 'Pattern' because it is null.
InvalidOperation: 
Line |
  20 |          SizeKB = :Round($Asset.Length / 1KB, 1)
     |                   ~~~~~~~~~~~~~~~~~~~~~~~~~~~~~~
     | Method invocation failed because [System.Object[]] does not contain a method named 'op_Division'.
InvalidOperation: 
Line |
  20 |          SizeKB = :Round($Asset.Length / 1KB, 1)
     |                   ~~~~~~~~~~~~~~~~~~~~~~~~~~~~~~
     | Method invocation failed because [System.Object[]] does not contain a method named 'op_Division'.
:Escape: 
Line |
   3 |      $UsagePattern = :Escape($Asset.Name)
     |                      ~~~~~~~
     | The term ':Escape' is not recognized as a name of a cmdlet, function, script file, or executable program.
Check the spelling of the name, or if a path was included, verify that the path is correct and try again.
:Escape: 
Line |
   3 |      $UsagePattern = :Escape($Asset.Name)
     |                      ~~~~~~~
     | The term ':Escape' is not recognized as a name of a cmdlet, function, script file, or executable program.
Check the spelling of the name, or if a path was included, verify that the path is correct and try again.
>> TerminatingError(Select-String): "Cannot bind argument to parameter 'Pattern' because it is null."
Select-String: 
Line |
   5 |          $SourceFiles | Select-String -Pattern $UsagePattern -SimpleMa …
     |                                                ~~~~~~~~~~~~~
     | Cannot bind argument to parameter 'Pattern' because it is null.
Select-String: 
Line |
   5 |          $SourceFiles | Select-String -Pattern $UsagePattern -SimpleMa …
     |                                                ~~~~~~~~~~~~~
     | Cannot bind argument to parameter 'Pattern' because it is null.
InvalidOperation: 
Line |
  20 |          SizeKB = :Round($Asset.Length / 1KB, 1)
     |                   ~~~~~~~~~~~~~~~~~~~~~~~~~~~~~~
     | Method invocation failed because [System.Object[]] does not contain a method named 'op_Division'.
InvalidOperation: 
Line |
  20 |          SizeKB = :Round($Asset.Length / 1KB, 1)
     |                   ~~~~~~~~~~~~~~~~~~~~~~~~~~~~~~
     | Method invocation failed because [System.Object[]] does not contain a method named 'op_Division'.
:Escape: 
Line |
   3 |      $UsagePattern = :Escape($Asset.Name)
     |                      ~~~~~~~
     | The term ':Escape' is not recognized as a name of a cmdlet, function, script file, or executable program.
Check the spelling of the name, or if a path was included, verify that the path is correct and try again.
:Escape: 
Line |
   3 |      $UsagePattern = :Escape($Asset.Name)
     |                      ~~~~~~~
     | The term ':Escape' is not recognized as a name of a cmdlet, function, script file, or executable program.
Check the spelling of the name, or if a path was included, verify that the path is correct and try again.
>> TerminatingError(Select-String): "Cannot bind argument to parameter 'Pattern' because it is null."
Select-String: 
Line |
   5 |          $SourceFiles | Select-String -Pattern $UsagePattern -SimpleMa …
     |                                                ~~~~~~~~~~~~~
     | Cannot bind argument to parameter 'Pattern' because it is null.
Select-String: 
Line |
   5 |          $SourceFiles | Select-String -Pattern $UsagePattern -SimpleMa …
     |                                                ~~~~~~~~~~~~~
     | Cannot bind argument to parameter 'Pattern' because it is null.
InvalidOperation: 
Line |
  20 |          SizeKB = :Round($Asset.Length / 1KB, 1)
     |                   ~~~~~~~~~~~~~~~~~~~~~~~~~~~~~~
     | Method invocation failed because [System.Object[]] does not contain a method named 'op_Division'.
InvalidOperation: 
Line |
  20 |          SizeKB = :Round($Asset.Length / 1KB, 1)
     |                   ~~~~~~~~~~~~~~~~~~~~~~~~~~~~~~
     | Method invocation failed because [System.Object[]] does not contain a method named 'op_Division'.
:Escape: 
Line |
   3 |      $UsagePattern = :Escape($Asset.Name)
     |                      ~~~~~~~
     | The term ':Escape' is not recognized as a name of a cmdlet, function, script file, or executable program.
Check the spelling of the name, or if a path was included, verify that the path is correct and try again.
:Escape: 
Line |
   3 |      $UsagePattern = :Escape($Asset.Name)
     |                      ~~~~~~~
     | The term ':Escape' is not recognized as a name of a cmdlet, function, script file, or executable program.
Check the spelling of the name, or if a path was included, verify that the path is correct and try again.
>> TerminatingError(Select-String): "Cannot bind argument to parameter 'Pattern' because it is null."
Select-String: 
Line |
   5 |          $SourceFiles | Select-String -Pattern $UsagePattern -SimpleMa …
     |                                                ~~~~~~~~~~~~~
     | Cannot bind argument to parameter 'Pattern' because it is null.
Select-String: 
Line |
   5 |          $SourceFiles | Select-String -Pattern $UsagePattern -SimpleMa …
     |                                                ~~~~~~~~~~~~~
     | Cannot bind argument to parameter 'Pattern' because it is null.
InvalidOperation: 
Line |
  20 |          SizeKB = :Round($Asset.Length / 1KB, 1)
     |                   ~~~~~~~~~~~~~~~~~~~~~~~~~~~~~~
     | Method invocation failed because [System.Object[]] does not contain a method named 'op_Division'.
InvalidOperation: 
Line |
  20 |          SizeKB = :Round($Asset.Length / 1KB, 1)
     |                   ~~~~~~~~~~~~~~~~~~~~~~~~~~~~~~
     | Method invocation failed because [System.Object[]] does not contain a method named 'op_Division'.
:Escape: 
Line |
   3 |      $UsagePattern = :Escape($Asset.Name)
     |                      ~~~~~~~
     | The term ':Escape' is not recognized as a name of a cmdlet, function, script file, or executable program.
Check the spelling of the name, or if a path was included, verify that the path is correct and try again.
:Escape: 
Line |
   3 |      $UsagePattern = :Escape($Asset.Name)
     |                      ~~~~~~~
     | The term ':Escape' is not recognized as a name of a cmdlet, function, script file, or executable program.
Check the spelling of the name, or if a path was included, verify that the path is correct and try again.
>> TerminatingError(Select-String): "Cannot bind argument to parameter 'Pattern' because it is null."
Select-String: 
Line |
   5 |          $SourceFiles | Select-String -Pattern $UsagePattern -SimpleMa …
     |                                                ~~~~~~~~~~~~~
     | Cannot bind argument to parameter 'Pattern' because it is null.
Select-String: 
Line |
   5 |          $SourceFiles | Select-String -Pattern $UsagePattern -SimpleMa …
     |                                                ~~~~~~~~~~~~~
     | Cannot bind argument to parameter 'Pattern' because it is null.
InvalidOperation: 
Line |
  20 |          SizeKB = :Round($Asset.Length / 1KB, 1)
     |                   ~~~~~~~~~~~~~~~~~~~~~~~~~~~~~~
     | Method invocation failed because [System.Object[]] does not contain a method named 'op_Division'.
InvalidOperation: 
Line |
  20 |          SizeKB = :Round($Asset.Length / 1KB, 1)
     |                   ~~~~~~~~~~~~~~~~~~~~~~~~~~~~~~
     | Method invocation failed because [System.Object[]] does not contain a method named 'op_Division'.
:Escape: 
Line |
   3 |      $UsagePattern = :Escape($Asset.Name)
     |                      ~~~~~~~
     | The term ':Escape' is not recognized as a name of a cmdlet, function, script file, or executable program.
Check the spelling of the name, or if a path was included, verify that the path is correct and try again.
:Escape: 
Line |
   3 |      $UsagePattern = :Escape($Asset.Name)
     |                      ~~~~~~~
     | The term ':Escape' is not recognized as a name of a cmdlet, function, script file, or executable program.
Check the spelling of the name, or if a path was included, verify that the path is correct and try again.
>> TerminatingError(Select-String): "Cannot bind argument to parameter 'Pattern' because it is null."
Select-String: 
Line |
   5 |          $SourceFiles | Select-String -Pattern $UsagePattern -SimpleMa …
     |                                                ~~~~~~~~~~~~~
     | Cannot bind argument to parameter 'Pattern' because it is null.
Select-String: 
Line |
   5 |          $SourceFiles | Select-String -Pattern $UsagePattern -SimpleMa …
     |                                                ~~~~~~~~~~~~~
     | Cannot bind argument to parameter 'Pattern' because it is null.
InvalidOperation: 
Line |
  20 |          SizeKB = :Round($Asset.Length / 1KB, 1)
     |                   ~~~~~~~~~~~~~~~~~~~~~~~~~~~~~~
     | Method invocation failed because [System.Object[]] does not contain a method named 'op_Division'.
InvalidOperation: 
Line |
  20 |          SizeKB = :Round($Asset.Length / 1KB, 1)
     |                   ~~~~~~~~~~~~~~~~~~~~~~~~~~~~~~
     | Method invocation failed because [System.Object[]] does not contain a method named 'op_Division'.
:Escape: 
Line |
   3 |      $UsagePattern = :Escape($Asset.Name)
     |                      ~~~~~~~
     | The term ':Escape' is not recognized as a name of a cmdlet, function, script file, or executable program.
Check the spelling of the name, or if a path was included, verify that the path is correct and try again.
:Escape: 
Line |
   3 |      $UsagePattern = :Escape($Asset.Name)
     |                      ~~~~~~~
     | The term ':Escape' is not recognized as a name of a cmdlet, function, script file, or executable program.
Check the spelling of the name, or if a path was included, verify that the path is correct and try again.
>> TerminatingError(Select-String): "Cannot bind argument to parameter 'Pattern' because it is null."
Select-String: 
Line |
   5 |          $SourceFiles | Select-String -Pattern $UsagePattern -SimpleMa …
     |                                                ~~~~~~~~~~~~~
     | Cannot bind argument to parameter 'Pattern' because it is null.
Select-String: 
Line |
   5 |          $SourceFiles | Select-String -Pattern $UsagePattern -SimpleMa …
     |                                                ~~~~~~~~~~~~~
     | Cannot bind argument to parameter 'Pattern' because it is null.
InvalidOperation: 
Line |
  20 |          SizeKB = :Round($Asset.Length / 1KB, 1)
     |                   ~~~~~~~~~~~~~~~~~~~~~~~~~~~~~~
     | Method invocation failed because [System.Object[]] does not contain a method named 'op_Division'.
InvalidOperation: 
Line |
  20 |          SizeKB = :Round($Asset.Length / 1KB, 1)
     |                   ~~~~~~~~~~~~~~~~~~~~~~~~~~~~~~
     | Method invocation failed because [System.Object[]] does not contain a method named 'op_Division'.
:Escape: 
Line |
   3 |      $UsagePattern = :Escape($Asset.Name)
     |                      ~~~~~~~
     | The term ':Escape' is not recognized as a name of a cmdlet, function, script file, or executable program.
Check the spelling of the name, or if a path was included, verify that the path is correct and try again.
:Escape: 
Line |
   3 |      $UsagePattern = :Escape($Asset.Name)
     |                      ~~~~~~~
     | The term ':Escape' is not recognized as a name of a cmdlet, function, script file, or executable program.
Check the spelling of the name, or if a path was included, verify that the path is correct and try again.
>> TerminatingError(Select-String): "Cannot bind argument to parameter 'Pattern' because it is null."
Select-String: 
Line |
   5 |          $SourceFiles | Select-String -Pattern $UsagePattern -SimpleMa …
     |                                                ~~~~~~~~~~~~~
     | Cannot bind argument to parameter 'Pattern' because it is null.
Select-String: 
Line |
   5 |          $SourceFiles | Select-String -Pattern $UsagePattern -SimpleMa …
     |                                                ~~~~~~~~~~~~~
     | Cannot bind argument to parameter 'Pattern' because it is null.
InvalidOperation: 
Line |
  20 |          SizeKB = :Round($Asset.Length / 1KB, 1)
     |                   ~~~~~~~~~~~~~~~~~~~~~~~~~~~~~~
     | Method invocation failed because [System.Object[]] does not contain a method named 'op_Division'.
InvalidOperation: 
Line |
  20 |          SizeKB = :Round($Asset.Length / 1KB, 1)
     |                   ~~~~~~~~~~~~~~~~~~~~~~~~~~~~~~
     | Method invocation failed because [System.Object[]] does not contain a method named 'op_Division'.
:Escape: 
Line |
   3 |      $UsagePattern = :Escape($Asset.Name)
     |                      ~~~~~~~
     | The term ':Escape' is not recognized as a name of a cmdlet, function, script file, or executable program.
Check the spelling of the name, or if a path was included, verify that the path is correct and try again.
:Escape: 
Line |
   3 |      $UsagePattern = :Escape($Asset.Name)
     |                      ~~~~~~~
     | The term ':Escape' is not recognized as a name of a cmdlet, function, script file, or executable program.
Check the spelling of the name, or if a path was included, verify that the path is correct and try again.
>> TerminatingError(Select-String): "Cannot bind argument to parameter 'Pattern' because it is null."
Select-String: 
Line |
   5 |          $SourceFiles | Select-String -Pattern $UsagePattern -SimpleMa …
     |                                                ~~~~~~~~~~~~~
     | Cannot bind argument to parameter 'Pattern' because it is null.
Select-String: 
Line |
   5 |          $SourceFiles | Select-String -Pattern $UsagePattern -SimpleMa …
     |                                                ~~~~~~~~~~~~~
     | Cannot bind argument to parameter 'Pattern' because it is null.
InvalidOperation: 
Line |
  20 |          SizeKB = :Round($Asset.Length / 1KB, 1)
     |                   ~~~~~~~~~~~~~~~~~~~~~~~~~~~~~~
     | Method invocation failed because [System.Object[]] does not contain a method named 'op_Division'.
InvalidOperation: 
Line |
  20 |          SizeKB = :Round($Asset.Length / 1KB, 1)
     |                   ~~~~~~~~~~~~~~~~~~~~~~~~~~~~~~
     | Method invocation failed because [System.Object[]] does not contain a method named 'op_Division'.
:Escape: 
Line |
   3 |      $UsagePattern = :Escape($Asset.Name)
     |                      ~~~~~~~
     | The term ':Escape' is not recognized as a name of a cmdlet, function, script file, or executable program.
Check the spelling of the name, or if a path was included, verify that the path is correct and try again.
:Escape: 
Line |
   3 |      $UsagePattern = :Escape($Asset.Name)
     |                      ~~~~~~~
     | The term ':Escape' is not recognized as a name of a cmdlet, function, script file, or executable program.
Check the spelling of the name, or if a path was included, verify that the path is correct and try again.
>> TerminatingError(Select-String): "Cannot bind argument to parameter 'Pattern' because it is null."
Select-String: 
Line |
   5 |          $SourceFiles | Select-String -Pattern $UsagePattern -SimpleMa …
     |                                                ~~~~~~~~~~~~~
     | Cannot bind argument to parameter 'Pattern' because it is null.
Select-String: 
Line |
   5 |          $SourceFiles | Select-String -Pattern $UsagePattern -SimpleMa …
     |                                                ~~~~~~~~~~~~~
     | Cannot bind argument to parameter 'Pattern' because it is null.
InvalidOperation: 
Line |
  20 |          SizeKB = :Round($Asset.Length / 1KB, 1)
     |                   ~~~~~~~~~~~~~~~~~~~~~~~~~~~~~~
     | Method invocation failed because [System.Object[]] does not contain a method named 'op_Division'.
InvalidOperation: 
Line |
  20 |          SizeKB = :Round($Asset.Length / 1KB, 1)
     |                   ~~~~~~~~~~~~~~~~~~~~~~~~~~~~~~
     | Method invocation failed because [System.Object[]] does not contain a method named 'op_Division'.
:Escape: 
Line |
   3 |      $UsagePattern = :Escape($Asset.Name)
     |                      ~~~~~~~
     | The term ':Escape' is not recognized as a name of a cmdlet, function, script file, or executable program.
Check the spelling of the name, or if a path was included, verify that the path is correct and try again.
:Escape: 
Line |
   3 |      $UsagePattern = :Escape($Asset.Name)
     |                      ~~~~~~~
     | The term ':Escape' is not recognized as a name of a cmdlet, function, script file, or executable program.
Check the spelling of the name, or if a path was included, verify that the path is correct and try again.
>> TerminatingError(Select-String): "Cannot bind argument to parameter 'Pattern' because it is null."
Select-String: 
Line |
   5 |          $SourceFiles | Select-String -Pattern $UsagePattern -SimpleMa …
     |                                                ~~~~~~~~~~~~~
     | Cannot bind argument to parameter 'Pattern' because it is null.
Select-String: 
Line |
   5 |          $SourceFiles | Select-String -Pattern $UsagePattern -SimpleMa …
     |                                                ~~~~~~~~~~~~~
     | Cannot bind argument to parameter 'Pattern' because it is null.
InvalidOperation: 
Line |
  20 |          SizeKB = :Round($Asset.Length / 1KB, 1)
     |                   ~~~~~~~~~~~~~~~~~~~~~~~~~~~~~~
     | Method invocation failed because [System.Object[]] does not contain a method named 'op_Division'.
InvalidOperation: 
Line |
  20 |          SizeKB = :Round($Asset.Length / 1KB, 1)
     |                   ~~~~~~~~~~~~~~~~~~~~~~~~~~~~~~
     | Method invocation failed because [System.Object[]] does not contain a method named 'op_Division'.
:Escape: 
Line |
   3 |      $UsagePattern = :Escape($Asset.Name)
     |                      ~~~~~~~
     | The term ':Escape' is not recognized as a name of a cmdlet, function, script file, or executable program.
Check the spelling of the name, or if a path was included, verify that the path is correct and try again.
:Escape: 
Line |
   3 |      $UsagePattern = :Escape($Asset.Name)
     |                      ~~~~~~~
     | The term ':Escape' is not recognized as a name of a cmdlet, function, script file, or executable program.
Check the spelling of the name, or if a path was included, verify that the path is correct and try again.
>> TerminatingError(Select-String): "Cannot bind argument to parameter 'Pattern' because it is null."
Select-String: 
Line |
   5 |          $SourceFiles | Select-String -Pattern $UsagePattern -SimpleMa …
     |                                                ~~~~~~~~~~~~~
     | Cannot bind argument to parameter 'Pattern' because it is null.
Select-String: 
Line |
   5 |          $SourceFiles | Select-String -Pattern $UsagePattern -SimpleMa …
     |                                                ~~~~~~~~~~~~~
     | Cannot bind argument to parameter 'Pattern' because it is null.
InvalidOperation: 
Line |
  20 |          SizeKB = :Round($Asset.Length / 1KB, 1)
     |                   ~~~~~~~~~~~~~~~~~~~~~~~~~~~~~~
     | Method invocation failed because [System.Object[]] does not contain a method named 'op_Division'.
InvalidOperation: 
Line |
  20 |          SizeKB = :Round($Asset.Length / 1KB, 1)
     |                   ~~~~~~~~~~~~~~~~~~~~~~~~~~~~~~
     | Method invocation failed because [System.Object[]] does not contain a method named 'op_Division'.
:Escape: 
Line |
   3 |      $UsagePattern = :Escape($Asset.Name)
     |                      ~~~~~~~
     | The term ':Escape' is not recognized as a name of a cmdlet, function, script file, or executable program.
Check the spelling of the name, or if a path was included, verify that the path is correct and try again.
:Escape: 
Line |
   3 |      $UsagePattern = :Escape($Asset.Name)
     |                      ~~~~~~~
     | The term ':Escape' is not recognized as a name of a cmdlet, function, script file, or executable program.
Check the spelling of the name, or if a path was included, verify that the path is correct and try again.
>> TerminatingError(Select-String): "Cannot bind argument to parameter 'Pattern' because it is null."
Select-String: 
Line |
   5 |          $SourceFiles | Select-String -Pattern $UsagePattern -SimpleMa …
     |                                                ~~~~~~~~~~~~~
     | Cannot bind argument to parameter 'Pattern' because it is null.
Select-String: 
Line |
   5 |          $SourceFiles | Select-String -Pattern $UsagePattern -SimpleMa …
     |                                                ~~~~~~~~~~~~~
     | Cannot bind argument to parameter 'Pattern' because it is null.
InvalidOperation: 
Line |
  20 |          SizeKB = :Round($Asset.Length / 1KB, 1)
     |                   ~~~~~~~~~~~~~~~~~~~~~~~~~~~~~~
     | Method invocation failed because [System.Object[]] does not contain a method named 'op_Division'.
InvalidOperation: 
Line |
  20 |          SizeKB = :Round($Asset.Length / 1KB, 1)
     |                   ~~~~~~~~~~~~~~~~~~~~~~~~~~~~~~
     | Method invocation failed because [System.Object[]] does not contain a method named 'op_Division'.
:Escape: 
Line |
   3 |      $UsagePattern = :Escape($Asset.Name)
     |                      ~~~~~~~
     | The term ':Escape' is not recognized as a name of a cmdlet, function, script file, or executable program.
Check the spelling of the name, or if a path was included, verify that the path is correct and try again.
:Escape: 
Line |
   3 |      $UsagePattern = :Escape($Asset.Name)
     |                      ~~~~~~~
     | The term ':Escape' is not recognized as a name of a cmdlet, function, script file, or executable program.
Check the spelling of the name, or if a path was included, verify that the path is correct and try again.
>> TerminatingError(Select-String): "Cannot bind argument to parameter 'Pattern' because it is null."
Select-String: 
Line |
   5 |          $SourceFiles | Select-String -Pattern $UsagePattern -SimpleMa …
     |                                                ~~~~~~~~~~~~~
     | Cannot bind argument to parameter 'Pattern' because it is null.
Select-String: 
Line |
   5 |          $SourceFiles | Select-String -Pattern $UsagePattern -SimpleMa …
     |                                                ~~~~~~~~~~~~~
     | Cannot bind argument to parameter 'Pattern' because it is null.
InvalidOperation: 
Line |
  20 |          SizeKB = :Round($Asset.Length / 1KB, 1)
     |                   ~~~~~~~~~~~~~~~~~~~~~~~~~~~~~~
     | Method invocation failed because [System.Object[]] does not contain a method named 'op_Division'.
InvalidOperation: 
Line |
  20 |          SizeKB = :Round($Asset.Length / 1KB, 1)
     |                   ~~~~~~~~~~~~~~~~~~~~~~~~~~~~~~
     | Method invocation failed because [System.Object[]] does not contain a method named 'op_Division'.
:Escape: 
Line |
   3 |      $UsagePattern = :Escape($Asset.Name)
     |                      ~~~~~~~
     | The term ':Escape' is not recognized as a name of a cmdlet, function, script file, or executable program.
Check the spelling of the name, or if a path was included, verify that the path is correct and try again.
:Escape: 
Line |
   3 |      $UsagePattern = :Escape($Asset.Name)
     |                      ~~~~~~~
     | The term ':Escape' is not recognized as a name of a cmdlet, function, script file, or executable program.
Check the spelling of the name, or if a path was included, verify that the path is correct and try again.
>> TerminatingError(Select-String): "Cannot bind argument to parameter 'Pattern' because it is null."
Select-String: 
Line |
   5 |          $SourceFiles | Select-String -Pattern $UsagePattern -SimpleMa …
     |                                                ~~~~~~~~~~~~~
     | Cannot bind argument to parameter 'Pattern' because it is null.
Select-String: 
Line |
   5 |          $SourceFiles | Select-String -Pattern $UsagePattern -SimpleMa …
     |                                                ~~~~~~~~~~~~~
     | Cannot bind argument to parameter 'Pattern' because it is null.
InvalidOperation: 
Line |
  20 |          SizeKB = :Round($Asset.Length / 1KB, 1)
     |                   ~~~~~~~~~~~~~~~~~~~~~~~~~~~~~~
     | Method invocation failed because [System.Object[]] does not contain a method named 'op_Division'.
InvalidOperation: 
Line |
  20 |          SizeKB = :Round($Asset.Length / 1KB, 1)
     |                   ~~~~~~~~~~~~~~~~~~~~~~~~~~~~~~
     | Method invocation failed because [System.Object[]] does not contain a method named 'op_Division'.
:Escape: 
Line |
   3 |      $UsagePattern = :Escape($Asset.Name)
     |                      ~~~~~~~
     | The term ':Escape' is not recognized as a name of a cmdlet, function, script file, or executable program.
Check the spelling of the name, or if a path was included, verify that the path is correct and try again.
:Escape: 
Line |
   3 |      $UsagePattern = :Escape($Asset.Name)
     |                      ~~~~~~~
     | The term ':Escape' is not recognized as a name of a cmdlet, function, script file, or executable program.
Check the spelling of the name, or if a path was included, verify that the path is correct and try again.
>> TerminatingError(Select-String): "Cannot bind argument to parameter 'Pattern' because it is null."
Select-String: 
Line |
   5 |          $SourceFiles | Select-String -Pattern $UsagePattern -SimpleMa …
     |                                                ~~~~~~~~~~~~~
     | Cannot bind argument to parameter 'Pattern' because it is null.
Select-String: 
Line |
   5 |          $SourceFiles | Select-String -Pattern $UsagePattern -SimpleMa …
     |                                                ~~~~~~~~~~~~~
     | Cannot bind argument to parameter 'Pattern' because it is null.
InvalidOperation: 
Line |
  20 |          SizeKB = :Round($Asset.Length / 1KB, 1)
     |                   ~~~~~~~~~~~~~~~~~~~~~~~~~~~~~~
     | Method invocation failed because [System.Object[]] does not contain a method named 'op_Division'.
InvalidOperation: 
Line |
  20 |          SizeKB = :Round($Asset.Length / 1KB, 1)
     |                   ~~~~~~~~~~~~~~~~~~~~~~~~~~~~~~
     | Method invocation failed because [System.Object[]] does not contain a method named 'op_Division'.
:Escape: 
Line |
   3 |      $UsagePattern = :Escape($Asset.Name)
     |                      ~~~~~~~
     | The term ':Escape' is not recognized as a name of a cmdlet, function, script file, or executable program.
Check the spelling of the name, or if a path was included, verify that the path is correct and try again.
:Escape: 
Line |
   3 |      $UsagePattern = :Escape($Asset.Name)
     |                      ~~~~~~~
     | The term ':Escape' is not recognized as a name of a cmdlet, function, script file, or executable program.
Check the spelling of the name, or if a path was included, verify that the path is correct and try again.
>> TerminatingError(Select-String): "Cannot bind argument to parameter 'Pattern' because it is null."
Select-String: 
Line |
   5 |          $SourceFiles | Select-String -Pattern $UsagePattern -SimpleMa …
     |                                                ~~~~~~~~~~~~~
     | Cannot bind argument to parameter 'Pattern' because it is null.
Select-String: 
Line |
   5 |          $SourceFiles | Select-String -Pattern $UsagePattern -SimpleMa …
     |                                                ~~~~~~~~~~~~~
     | Cannot bind argument to parameter 'Pattern' because it is null.
InvalidOperation: 
Line |
  20 |          SizeKB = :Round($Asset.Length / 1KB, 1)
     |                   ~~~~~~~~~~~~~~~~~~~~~~~~~~~~~~
     | Method invocation failed because [System.Object[]] does not contain a method named 'op_Division'.
InvalidOperation: 
Line |
  20 |          SizeKB = :Round($Asset.Length / 1KB, 1)
     |                   ~~~~~~~~~~~~~~~~~~~~~~~~~~~~~~
     | Method invocation failed because [System.Object[]] does not contain a method named 'op_Division'.
:Escape: 
Line |
   3 |      $UsagePattern = :Escape($Asset.Name)
     |                      ~~~~~~~
     | The term ':Escape' is not recognized as a name of a cmdlet, function, script file, or executable program.
Check the spelling of the name, or if a path was included, verify that the path is correct and try again.
:Escape: 
Line |
   3 |      $UsagePattern = :Escape($Asset.Name)
     |                      ~~~~~~~
     | The term ':Escape' is not recognized as a name of a cmdlet, function, script file, or executable program.
Check the spelling of the name, or if a path was included, verify that the path is correct and try again.
>> TerminatingError(Select-String): "Cannot bind argument to parameter 'Pattern' because it is null."
Select-String: 
Line |
   5 |          $SourceFiles | Select-String -Pattern $UsagePattern -SimpleMa …
     |                                                ~~~~~~~~~~~~~
     | Cannot bind argument to parameter 'Pattern' because it is null.
Select-String: 
Line |
   5 |          $SourceFiles | Select-String -Pattern $UsagePattern -SimpleMa …
     |                                                ~~~~~~~~~~~~~
     | Cannot bind argument to parameter 'Pattern' because it is null.
InvalidOperation: 
Line |
  20 |          SizeKB = :Round($Asset.Length / 1KB, 1)
     |                   ~~~~~~~~~~~~~~~~~~~~~~~~~~~~~~
     | Method invocation failed because [System.Object[]] does not contain a method named 'op_Division'.
InvalidOperation: 
Line |
  20 |          SizeKB = :Round($Asset.Length / 1KB, 1)
     |                   ~~~~~~~~~~~~~~~~~~~~~~~~~~~~~~
     | Method invocation failed because [System.Object[]] does not contain a method named 'op_Division'.
:Escape: 
Line |
   3 |      $UsagePattern = :Escape($Asset.Name)
     |                      ~~~~~~~
     | The term ':Escape' is not recognized as a name of a cmdlet, function, script file, or executable program.
Check the spelling of the name, or if a path was included, verify that the path is correct and try again.
:Escape: 
Line |
   3 |      $UsagePattern = :Escape($Asset.Name)
     |                      ~~~~~~~
     | The term ':Escape' is not recognized as a name of a cmdlet, function, script file, or executable program.
Check the spelling of the name, or if a path was included, verify that the path is correct and try again.
>> TerminatingError(Select-String): "Cannot bind argument to parameter 'Pattern' because it is null."
Select-String: 
Line |
   5 |          $SourceFiles | Select-String -Pattern $UsagePattern -SimpleMa …
     |                                                ~~~~~~~~~~~~~
     | Cannot bind argument to parameter 'Pattern' because it is null.
Select-String: 
Line |
   5 |          $SourceFiles | Select-String -Pattern $UsagePattern -SimpleMa …
     |                                                ~~~~~~~~~~~~~
     | Cannot bind argument to parameter 'Pattern' because it is null.
InvalidOperation: 
Line |
  20 |          SizeKB = :Round($Asset.Length / 1KB, 1)
     |                   ~~~~~~~~~~~~~~~~~~~~~~~~~~~~~~
     | Method invocation failed because [System.Object[]] does not contain a method named 'op_Division'.
InvalidOperation: 
Line |
  20 |          SizeKB = :Round($Asset.Length / 1KB, 1)
     |                   ~~~~~~~~~~~~~~~~~~~~~~~~~~~~~~
     | Method invocation failed because [System.Object[]] does not contain a method named 'op_Division'.
:Escape: 
Line |
   3 |      $UsagePattern = :Escape($Asset.Name)
     |                      ~~~~~~~
     | The term ':Escape' is not recognized as a name of a cmdlet, function, script file, or executable program.
Check the spelling of the name, or if a path was included, verify that the path is correct and try again.
:Escape: 
Line |
   3 |      $UsagePattern = :Escape($Asset.Name)
     |                      ~~~~~~~
     | The term ':Escape' is not recognized as a name of a cmdlet, function, script file, or executable program.
Check the spelling of the name, or if a path was included, verify that the path is correct and try again.
>> TerminatingError(Select-String): "Cannot bind argument to parameter 'Pattern' because it is null."
Select-String: 
Line |
   5 |          $SourceFiles | Select-String -Pattern $UsagePattern -SimpleMa …
     |                                                ~~~~~~~~~~~~~
     | Cannot bind argument to parameter 'Pattern' because it is null.
Select-String: 
Line |
   5 |          $SourceFiles | Select-String -Pattern $UsagePattern -SimpleMa …
     |                                                ~~~~~~~~~~~~~
     | Cannot bind argument to parameter 'Pattern' because it is null.
InvalidOperation: 
Line |
  20 |          SizeKB = :Round($Asset.Length / 1KB, 1)
     |                   ~~~~~~~~~~~~~~~~~~~~~~~~~~~~~~
     | Method invocation failed because [System.Object[]] does not contain a method named 'op_Division'.
InvalidOperation: 
Line |
  20 |          SizeKB = :Round($Asset.Length / 1KB, 1)
     |                   ~~~~~~~~~~~~~~~~~~~~~~~~~~~~~~
     | Method invocation failed because [System.Object[]] does not contain a method named 'op_Division'.
:Escape: 
Line |
   3 |      $UsagePattern = :Escape($Asset.Name)
     |                      ~~~~~~~
     | The term ':Escape' is not recognized as a name of a cmdlet, function, script file, or executable program.
Check the spelling of the name, or if a path was included, verify that the path is correct and try again.
:Escape: 
Line |
   3 |      $UsagePattern = :Escape($Asset.Name)
     |                      ~~~~~~~
     | The term ':Escape' is not recognized as a name of a cmdlet, function, script file, or executable program.
Check the spelling of the name, or if a path was included, verify that the path is correct and try again.
>> TerminatingError(Select-String): "Cannot bind argument to parameter 'Pattern' because it is null."
Select-String: 
Line |
   5 |          $SourceFiles | Select-String -Pattern $UsagePattern -SimpleMa …
     |                                                ~~~~~~~~~~~~~
     | Cannot bind argument to parameter 'Pattern' because it is null.
Select-String: 
Line |
   5 |          $SourceFiles | Select-String -Pattern $UsagePattern -SimpleMa …
     |                                                ~~~~~~~~~~~~~
     | Cannot bind argument to parameter 'Pattern' because it is null.
InvalidOperation: 
Line |
  20 |          SizeKB = :Round($Asset.Length / 1KB, 1)
     |                   ~~~~~~~~~~~~~~~~~~~~~~~~~~~~~~
     | Method invocation failed because [System.Object[]] does not contain a method named 'op_Division'.
InvalidOperation: 
Line |
  20 |          SizeKB = :Round($Asset.Length / 1KB, 1)
     |                   ~~~~~~~~~~~~~~~~~~~~~~~~~~~~~~
     | Method invocation failed because [System.Object[]] does not contain a method named 'op_Division'.
:Escape: 
Line |
   3 |      $UsagePattern = :Escape($Asset.Name)
     |                      ~~~~~~~
     | The term ':Escape' is not recognized as a name of a cmdlet, function, script file, or executable program.
Check the spelling of the name, or if a path was included, verify that the path is correct and try again.
:Escape: 
Line |
   3 |      $UsagePattern = :Escape($Asset.Name)
     |                      ~~~~~~~
     | The term ':Escape' is not recognized as a name of a cmdlet, function, script file, or executable program.
Check the spelling of the name, or if a path was included, verify that the path is correct and try again.
>> TerminatingError(Select-String): "Cannot bind argument to parameter 'Pattern' because it is null."
Select-String: 
Line |
   5 |          $SourceFiles | Select-String -Pattern $UsagePattern -SimpleMa …
     |                                                ~~~~~~~~~~~~~
     | Cannot bind argument to parameter 'Pattern' because it is null.
Select-String: 
Line |
   5 |          $SourceFiles | Select-String -Pattern $UsagePattern -SimpleMa …
     |                                                ~~~~~~~~~~~~~
     | Cannot bind argument to parameter 'Pattern' because it is null.
InvalidOperation: 
Line |
  20 |          SizeKB = :Round($Asset.Length / 1KB, 1)
     |                   ~~~~~~~~~~~~~~~~~~~~~~~~~~~~~~
     | Method invocation failed because [System.Object[]] does not contain a method named 'op_Division'.
InvalidOperation: 
Line |
  20 |          SizeKB = :Round($Asset.Length / 1KB, 1)
     |                   ~~~~~~~~~~~~~~~~~~~~~~~~~~~~~~
     | Method invocation failed because [System.Object[]] does not contain a method named 'op_Division'.
:Escape: 
Line |
   3 |      $UsagePattern = :Escape($Asset.Name)
     |                      ~~~~~~~
     | The term ':Escape' is not recognized as a name of a cmdlet, function, script file, or executable program.
Check the spelling of the name, or if a path was included, verify that the path is correct and try again.
:Escape: 
Line |
   3 |      $UsagePattern = :Escape($Asset.Name)
     |                      ~~~~~~~
     | The term ':Escape' is not recognized as a name of a cmdlet, function, script file, or executable program.
Check the spelling of the name, or if a path was included, verify that the path is correct and try again.
>> TerminatingError(Select-String): "Cannot bind argument to parameter 'Pattern' because it is null."
Select-String: 
Line |
   5 |          $SourceFiles | Select-String -Pattern $UsagePattern -SimpleMa …
     |                                                ~~~~~~~~~~~~~
     | Cannot bind argument to parameter 'Pattern' because it is null.
Select-String: 
Line |
   5 |          $SourceFiles | Select-String -Pattern $UsagePattern -SimpleMa …
     |                                                ~~~~~~~~~~~~~
     | Cannot bind argument to parameter 'Pattern' because it is null.
InvalidOperation: 
Line |
  20 |          SizeKB = :Round($Asset.Length / 1KB, 1)
     |                   ~~~~~~~~~~~~~~~~~~~~~~~~~~~~~~
     | Method invocation failed because [System.Object[]] does not contain a method named 'op_Division'.
InvalidOperation: 
Line |
  20 |          SizeKB = :Round($Asset.Length / 1KB, 1)
     |                   ~~~~~~~~~~~~~~~~~~~~~~~~~~~~~~
     | Method invocation failed because [System.Object[]] does not contain a method named 'op_Division'.
:Escape: 
Line |
   3 |      $UsagePattern = :Escape($Asset.Name)
     |                      ~~~~~~~
     | The term ':Escape' is not recognized as a name of a cmdlet, function, script file, or executable program.
Check the spelling of the name, or if a path was included, verify that the path is correct and try again.
:Escape: 
Line |
   3 |      $UsagePattern = :Escape($Asset.Name)
     |                      ~~~~~~~
     | The term ':Escape' is not recognized as a name of a cmdlet, function, script file, or executable program.
Check the spelling of the name, or if a path was included, verify that the path is correct and try again.
>> TerminatingError(Select-String): "Cannot bind argument to parameter 'Pattern' because it is null."
Select-String: 
Line |
   5 |          $SourceFiles | Select-String -Pattern $UsagePattern -SimpleMa …
     |                                                ~~~~~~~~~~~~~
     | Cannot bind argument to parameter 'Pattern' because it is null.
Select-String: 
Line |
   5 |          $SourceFiles | Select-String -Pattern $UsagePattern -SimpleMa …
     |                                                ~~~~~~~~~~~~~
     | Cannot bind argument to parameter 'Pattern' because it is null.
InvalidOperation: 
Line |
  20 |          SizeKB = :Round($Asset.Length / 1KB, 1)
     |                   ~~~~~~~~~~~~~~~~~~~~~~~~~~~~~~
     | Method invocation failed because [System.Object[]] does not contain a method named 'op_Division'.
InvalidOperation: 
Line |
  20 |          SizeKB = :Round($Asset.Length / 1KB, 1)
     |                   ~~~~~~~~~~~~~~~~~~~~~~~~~~~~~~
     | Method invocation failed because [System.Object[]] does not contain a method named 'op_Division'.
:Escape: 
Line |
   3 |      $UsagePattern = :Escape($Asset.Name)
     |                      ~~~~~~~
     | The term ':Escape' is not recognized as a name of a cmdlet, function, script file, or executable program.
Check the spelling of the name, or if a path was included, verify that the path is correct and try again.
:Escape: 
Line |
   3 |      $UsagePattern = :Escape($Asset.Name)
     |                      ~~~~~~~
     | The term ':Escape' is not recognized as a name of a cmdlet, function, script file, or executable program.
Check the spelling of the name, or if a path was included, verify that the path is correct and try again.
>> TerminatingError(Select-String): "Cannot bind argument to parameter 'Pattern' because it is null."
Select-String: 
Line |
   5 |          $SourceFiles | Select-String -Pattern $UsagePattern -SimpleMa …
     |                                                ~~~~~~~~~~~~~
     | Cannot bind argument to parameter 'Pattern' because it is null.
Select-String: 
Line |
   5 |          $SourceFiles | Select-String -Pattern $UsagePattern -SimpleMa …
     |                                                ~~~~~~~~~~~~~
     | Cannot bind argument to parameter 'Pattern' because it is null.
InvalidOperation: 
Line |
  20 |          SizeKB = :Round($Asset.Length / 1KB, 1)
     |                   ~~~~~~~~~~~~~~~~~~~~~~~~~~~~~~
     | Method invocation failed because [System.Object[]] does not contain a method named 'op_Division'.
InvalidOperation: 
Line |
  20 |          SizeKB = :Round($Asset.Length / 1KB, 1)
     |                   ~~~~~~~~~~~~~~~~~~~~~~~~~~~~~~
     | Method invocation failed because [System.Object[]] does not contain a method named 'op_Division'.
:Escape: 
Line |
   3 |      $UsagePattern = :Escape($Asset.Name)
     |                      ~~~~~~~
     | The term ':Escape' is not recognized as a name of a cmdlet, function, script file, or executable program.
Check the spelling of the name, or if a path was included, verify that the path is correct and try again.
:Escape: 
Line |
   3 |      $UsagePattern = :Escape($Asset.Name)
     |                      ~~~~~~~
     | The term ':Escape' is not recognized as a name of a cmdlet, function, script file, or executable program.
Check the spelling of the name, or if a path was included, verify that the path is correct and try again.
>> TerminatingError(Select-String): "Cannot bind argument to parameter 'Pattern' because it is null."
Select-String: 
Line |
   5 |          $SourceFiles | Select-String -Pattern $UsagePattern -SimpleMa …
     |                                                ~~~~~~~~~~~~~
     | Cannot bind argument to parameter 'Pattern' because it is null.
Select-String: 
Line |
   5 |          $SourceFiles | Select-String -Pattern $UsagePattern -SimpleMa …
     |                                                ~~~~~~~~~~~~~
     | Cannot bind argument to parameter 'Pattern' because it is null.
InvalidOperation: 
Line |
  20 |          SizeKB = :Round($Asset.Length / 1KB, 1)
     |                   ~~~~~~~~~~~~~~~~~~~~~~~~~~~~~~
     | Method invocation failed because [System.Object[]] does not contain a method named 'op_Division'.
InvalidOperation: 
Line |
  20 |          SizeKB = :Round($Asset.Length / 1KB, 1)
     |                   ~~~~~~~~~~~~~~~~~~~~~~~~~~~~~~
     | Method invocation failed because [System.Object[]] does not contain a method named 'op_Division'.
:Escape: 
Line |
   3 |      $UsagePattern = :Escape($Asset.Name)
     |                      ~~~~~~~
     | The term ':Escape' is not recognized as a name of a cmdlet, function, script file, or executable program.
Check the spelling of the name, or if a path was included, verify that the path is correct and try again.
:Escape: 
Line |
   3 |      $UsagePattern = :Escape($Asset.Name)
     |                      ~~~~~~~
     | The term ':Escape' is not recognized as a name of a cmdlet, function, script file, or executable program.
Check the spelling of the name, or if a path was included, verify that the path is correct and try again.
>> TerminatingError(Select-String): "Cannot bind argument to parameter 'Pattern' because it is null."
Select-String: 
Line |
   5 |          $SourceFiles | Select-String -Pattern $UsagePattern -SimpleMa …
     |                                                ~~~~~~~~~~~~~
     | Cannot bind argument to parameter 'Pattern' because it is null.
Select-String: 
Line |
   5 |          $SourceFiles | Select-String -Pattern $UsagePattern -SimpleMa …
     |                                                ~~~~~~~~~~~~~
     | Cannot bind argument to parameter 'Pattern' because it is null.
InvalidOperation: 
Line |
  20 |          SizeKB = :Round($Asset.Length / 1KB, 1)
     |                   ~~~~~~~~~~~~~~~~~~~~~~~~~~~~~~
     | Method invocation failed because [System.Object[]] does not contain a method named 'op_Division'.
InvalidOperation: 
Line |
  20 |          SizeKB = :Round($Asset.Length / 1KB, 1)
     |                   ~~~~~~~~~~~~~~~~~~~~~~~~~~~~~~
     | Method invocation failed because [System.Object[]] does not contain a method named 'op_Division'.
:Escape: 
Line |
   3 |      $UsagePattern = :Escape($Asset.Name)
     |                      ~~~~~~~
     | The term ':Escape' is not recognized as a name of a cmdlet, function, script file, or executable program.
Check the spelling of the name, or if a path was included, verify that the path is correct and try again.
:Escape: 
Line |
   3 |      $UsagePattern = :Escape($Asset.Name)
     |                      ~~~~~~~
     | The term ':Escape' is not recognized as a name of a cmdlet, function, script file, or executable program.
Check the spelling of the name, or if a path was included, verify that the path is correct and try again.
>> TerminatingError(Select-String): "Cannot bind argument to parameter 'Pattern' because it is null."
Select-String: 
Line |
   5 |          $SourceFiles | Select-String -Pattern $UsagePattern -SimpleMa …
     |                                                ~~~~~~~~~~~~~
     | Cannot bind argument to parameter 'Pattern' because it is null.
Select-String: 
Line |
   5 |          $SourceFiles | Select-String -Pattern $UsagePattern -SimpleMa …
     |                                                ~~~~~~~~~~~~~
     | Cannot bind argument to parameter 'Pattern' because it is null.
InvalidOperation: 
Line |
  20 |          SizeKB = :Round($Asset.Length / 1KB, 1)
     |                   ~~~~~~~~~~~~~~~~~~~~~~~~~~~~~~
     | Method invocation failed because [System.Object[]] does not contain a method named 'op_Division'.
InvalidOperation: 
Line |
  20 |          SizeKB = :Round($Asset.Length / 1KB, 1)
     |                   ~~~~~~~~~~~~~~~~~~~~~~~~~~~~~~
     | Method invocation failed because [System.Object[]] does not contain a method named 'op_Division'.
:Escape: 
Line |
   3 |      $UsagePattern = :Escape($Asset.Name)
     |                      ~~~~~~~
     | The term ':Escape' is not recognized as a name of a cmdlet, function, script file, or executable program.
Check the spelling of the name, or if a path was included, verify that the path is correct and try again.
:Escape: 
Line |
   3 |      $UsagePattern = :Escape($Asset.Name)
     |                      ~~~~~~~
     | The term ':Escape' is not recognized as a name of a cmdlet, function, script file, or executable program.
Check the spelling of the name, or if a path was included, verify that the path is correct and try again.
>> TerminatingError(Select-String): "Cannot bind argument to parameter 'Pattern' because it is null."
Select-String: 
Line |
   5 |          $SourceFiles | Select-String -Pattern $UsagePattern -SimpleMa …
     |                                                ~~~~~~~~~~~~~
     | Cannot bind argument to parameter 'Pattern' because it is null.
Select-String: 
Line |
   5 |          $SourceFiles | Select-String -Pattern $UsagePattern -SimpleMa …
     |                                                ~~~~~~~~~~~~~
     | Cannot bind argument to parameter 'Pattern' because it is null.
InvalidOperation: 
Line |
  20 |          SizeKB = :Round($Asset.Length / 1KB, 1)
     |                   ~~~~~~~~~~~~~~~~~~~~~~~~~~~~~~
     | Method invocation failed because [System.Object[]] does not contain a method named 'op_Division'.
InvalidOperation: 
Line |
  20 |          SizeKB = :Round($Asset.Length / 1KB, 1)
     |                   ~~~~~~~~~~~~~~~~~~~~~~~~~~~~~~
     | Method invocation failed because [System.Object[]] does not contain a method named 'op_Division'.
:Escape: 
Line |
   3 |      $UsagePattern = :Escape($Asset.Name)
     |                      ~~~~~~~
     | The term ':Escape' is not recognized as a name of a cmdlet, function, script file, or executable program.
Check the spelling of the name, or if a path was included, verify that the path is correct and try again.
:Escape: 
Line |
   3 |      $UsagePattern = :Escape($Asset.Name)
     |                      ~~~~~~~
     | The term ':Escape' is not recognized as a name of a cmdlet, function, script file, or executable program.
Check the spelling of the name, or if a path was included, verify that the path is correct and try again.
>> TerminatingError(Select-String): "Cannot bind argument to parameter 'Pattern' because it is null."
Select-String: 
Line |
   5 |          $SourceFiles | Select-String -Pattern $UsagePattern -SimpleMa …
     |                                                ~~~~~~~~~~~~~
     | Cannot bind argument to parameter 'Pattern' because it is null.
Select-String: 
Line |
   5 |          $SourceFiles | Select-String -Pattern $UsagePattern -SimpleMa …
     |                                                ~~~~~~~~~~~~~
     | Cannot bind argument to parameter 'Pattern' because it is null.
InvalidOperation: 
Line |
  20 |          SizeKB = :Round($Asset.Length / 1KB, 1)
     |                   ~~~~~~~~~~~~~~~~~~~~~~~~~~~~~~
     | Method invocation failed because [System.Object[]] does not contain a method named 'op_Division'.
InvalidOperation: 
Line |
  20 |          SizeKB = :Round($Asset.Length / 1KB, 1)
     |                   ~~~~~~~~~~~~~~~~~~~~~~~~~~~~~~
     | Method invocation failed because [System.Object[]] does not contain a method named 'op_Division'.
:Escape: 
Line |
   3 |      $UsagePattern = :Escape($Asset.Name)
     |                      ~~~~~~~
     | The term ':Escape' is not recognized as a name of a cmdlet, function, script file, or executable program.
Check the spelling of the name, or if a path was included, verify that the path is correct and try again.
:Escape: 
Line |
   3 |      $UsagePattern = :Escape($Asset.Name)
     |                      ~~~~~~~
     | The term ':Escape' is not recognized as a name of a cmdlet, function, script file, or executable program.
Check the spelling of the name, or if a path was included, verify that the path is correct and try again.
>> TerminatingError(Select-String): "Cannot bind argument to parameter 'Pattern' because it is null."
Select-String: 
Line |
   5 |          $SourceFiles | Select-String -Pattern $UsagePattern -SimpleMa …
     |                                                ~~~~~~~~~~~~~
     | Cannot bind argument to parameter 'Pattern' because it is null.
Select-String: 
Line |
   5 |          $SourceFiles | Select-String -Pattern $UsagePattern -SimpleMa …
     |                                                ~~~~~~~~~~~~~
     | Cannot bind argument to parameter 'Pattern' because it is null.
InvalidOperation: 
Line |
  20 |          SizeKB = :Round($Asset.Length / 1KB, 1)
     |                   ~~~~~~~~~~~~~~~~~~~~~~~~~~~~~~
     | Method invocation failed because [System.Object[]] does not contain a method named 'op_Division'.
InvalidOperation: 
Line |
  20 |          SizeKB = :Round($Asset.Length / 1KB, 1)
     |                   ~~~~~~~~~~~~~~~~~~~~~~~~~~~~~~
     | Method invocation failed because [System.Object[]] does not contain a method named 'op_Division'.
:Escape: 
Line |
   3 |      $UsagePattern = :Escape($Asset.Name)
     |                      ~~~~~~~
     | The term ':Escape' is not recognized as a name of a cmdlet, function, script file, or executable program.
Check the spelling of the name, or if a path was included, verify that the path is correct and try again.
:Escape: 
Line |
   3 |      $UsagePattern = :Escape($Asset.Name)
     |                      ~~~~~~~
     | The term ':Escape' is not recognized as a name of a cmdlet, function, script file, or executable program.
Check the spelling of the name, or if a path was included, verify that the path is correct and try again.
>> TerminatingError(Select-String): "Cannot bind argument to parameter 'Pattern' because it is null."
Select-String: 
Line |
   5 |          $SourceFiles | Select-String -Pattern $UsagePattern -SimpleMa …
     |                                                ~~~~~~~~~~~~~
     | Cannot bind argument to parameter 'Pattern' because it is null.
Select-String: 
Line |
   5 |          $SourceFiles | Select-String -Pattern $UsagePattern -SimpleMa …
     |                                                ~~~~~~~~~~~~~
     | Cannot bind argument to parameter 'Pattern' because it is null.
InvalidOperation: 
Line |
  20 |          SizeKB = :Round($Asset.Length / 1KB, 1)
     |                   ~~~~~~~~~~~~~~~~~~~~~~~~~~~~~~
     | Method invocation failed because [System.Object[]] does not contain a method named 'op_Division'.
InvalidOperation: 
Line |
  20 |          SizeKB = :Round($Asset.Length / 1KB, 1)
     |                   ~~~~~~~~~~~~~~~~~~~~~~~~~~~~~~
     | Method invocation failed because [System.Object[]] does not contain a method named 'op_Division'.
:Escape: 
Line |
   3 |      $UsagePattern = :Escape($Asset.Name)
     |                      ~~~~~~~
     | The term ':Escape' is not recognized as a name of a cmdlet, function, script file, or executable program.
Check the spelling of the name, or if a path was included, verify that the path is correct and try again.
:Escape: 
Line |
   3 |      $UsagePattern = :Escape($Asset.Name)
     |                      ~~~~~~~
     | The term ':Escape' is not recognized as a name of a cmdlet, function, script file, or executable program.
Check the spelling of the name, or if a path was included, verify that the path is correct and try again.
>> TerminatingError(Select-String): "Cannot bind argument to parameter 'Pattern' because it is null."
Select-String: 
Line |
   5 |          $SourceFiles | Select-String -Pattern $UsagePattern -SimpleMa …
     |                                                ~~~~~~~~~~~~~
     | Cannot bind argument to parameter 'Pattern' because it is null.
Select-String: 
Line |
   5 |          $SourceFiles | Select-String -Pattern $UsagePattern -SimpleMa …
     |                                                ~~~~~~~~~~~~~
     | Cannot bind argument to parameter 'Pattern' because it is null.
InvalidOperation: 
Line |
  20 |          SizeKB = :Round($Asset.Length / 1KB, 1)
     |                   ~~~~~~~~~~~~~~~~~~~~~~~~~~~~~~
     | Method invocation failed because [System.Object[]] does not contain a method named 'op_Division'.
InvalidOperation: 
Line |
  20 |          SizeKB = :Round($Asset.Length / 1KB, 1)
     |                   ~~~~~~~~~~~~~~~~~~~~~~~~~~~~~~
     | Method invocation failed because [System.Object[]] does not contain a method named 'op_Division'.
:Escape: 
Line |
   3 |      $UsagePattern = :Escape($Asset.Name)
     |                      ~~~~~~~
     | The term ':Escape' is not recognized as a name of a cmdlet, function, script file, or executable program.
Check the spelling of the name, or if a path was included, verify that the path is correct and try again.
:Escape: 
Line |
   3 |      $UsagePattern = :Escape($Asset.Name)
     |                      ~~~~~~~
     | The term ':Escape' is not recognized as a name of a cmdlet, function, script file, or executable program.
Check the spelling of the name, or if a path was included, verify that the path is correct and try again.
>> TerminatingError(Select-String): "Cannot bind argument to parameter 'Pattern' because it is null."
Select-String: 
Line |
   5 |          $SourceFiles | Select-String -Pattern $UsagePattern -SimpleMa …
     |                                                ~~~~~~~~~~~~~
     | Cannot bind argument to parameter 'Pattern' because it is null.
Select-String: 
Line |
   5 |          $SourceFiles | Select-String -Pattern $UsagePattern -SimpleMa …
     |                                                ~~~~~~~~~~~~~
     | Cannot bind argument to parameter 'Pattern' because it is null.
InvalidOperation: 
Line |
  20 |          SizeKB = :Round($Asset.Length / 1KB, 1)
     |                   ~~~~~~~~~~~~~~~~~~~~~~~~~~~~~~
     | Method invocation failed because [System.Object[]] does not contain a method named 'op_Division'.
InvalidOperation: 
Line |
  20 |          SizeKB = :Round($Asset.Length / 1KB, 1)
     |                   ~~~~~~~~~~~~~~~~~~~~~~~~~~~~~~
     | Method invocation failed because [System.Object[]] does not contain a method named 'op_Division'.
:Escape: 
Line |
   3 |      $UsagePattern = :Escape($Asset.Name)
     |                      ~~~~~~~
     | The term ':Escape' is not recognized as a name of a cmdlet, function, script file, or executable program.
Check the spelling of the name, or if a path was included, verify that the path is correct and try again.
:Escape: 
Line |
   3 |      $UsagePattern = :Escape($Asset.Name)
     |                      ~~~~~~~
     | The term ':Escape' is not recognized as a name of a cmdlet, function, script file, or executable program.
Check the spelling of the name, or if a path was included, verify that the path is correct and try again.
>> TerminatingError(Select-String): "Cannot bind argument to parameter 'Pattern' because it is null."
Select-String: 
Line |
   5 |          $SourceFiles | Select-String -Pattern $UsagePattern -SimpleMa …
     |                                                ~~~~~~~~~~~~~
     | Cannot bind argument to parameter 'Pattern' because it is null.
Select-String: 
Line |
   5 |          $SourceFiles | Select-String -Pattern $UsagePattern -SimpleMa …
     |                                                ~~~~~~~~~~~~~
     | Cannot bind argument to parameter 'Pattern' because it is null.
InvalidOperation: 
Line |
  20 |          SizeKB = :Round($Asset.Length / 1KB, 1)
     |                   ~~~~~~~~~~~~~~~~~~~~~~~~~~~~~~
     | Method invocation failed because [System.Object[]] does not contain a method named 'op_Division'.
InvalidOperation: 
Line |
  20 |          SizeKB = :Round($Asset.Length / 1KB, 1)
     |                   ~~~~~~~~~~~~~~~~~~~~~~~~~~~~~~
     | Method invocation failed because [System.Object[]] does not contain a method named 'op_Division'.
:Escape: 
Line |
   3 |      $UsagePattern = :Escape($Asset.Name)
     |                      ~~~~~~~
     | The term ':Escape' is not recognized as a name of a cmdlet, function, script file, or executable program.
Check the spelling of the name, or if a path was included, verify that the path is correct and try again.
:Escape: 
Line |
   3 |      $UsagePattern = :Escape($Asset.Name)
     |                      ~~~~~~~
     | The term ':Escape' is not recognized as a name of a cmdlet, function, script file, or executable program.
Check the spelling of the name, or if a path was included, verify that the path is correct and try again.
>> TerminatingError(Select-String): "Cannot bind argument to parameter 'Pattern' because it is null."
Select-String: 
Line |
   5 |          $SourceFiles | Select-String -Pattern $UsagePattern -SimpleMa …
     |                                                ~~~~~~~~~~~~~
     | Cannot bind argument to parameter 'Pattern' because it is null.
Select-String: 
Line |
   5 |          $SourceFiles | Select-String -Pattern $UsagePattern -SimpleMa …
     |                                                ~~~~~~~~~~~~~
     | Cannot bind argument to parameter 'Pattern' because it is null.
InvalidOperation: 
Line |
  20 |          SizeKB = :Round($Asset.Length / 1KB, 1)
     |                   ~~~~~~~~~~~~~~~~~~~~~~~~~~~~~~
     | Method invocation failed because [System.Object[]] does not contain a method named 'op_Division'.
InvalidOperation: 
Line |
  20 |          SizeKB = :Round($Asset.Length / 1KB, 1)
     |                   ~~~~~~~~~~~~~~~~~~~~~~~~~~~~~~
     | Method invocation failed because [System.Object[]] does not contain a method named 'op_Division'.
:Escape: 
Line |
   3 |      $UsagePattern = :Escape($Asset.Name)
     |                      ~~~~~~~
     | The term ':Escape' is not recognized as a name of a cmdlet, function, script file, or executable program.
Check the spelling of the name, or if a path was included, verify that the path is correct and try again.
:Escape: 
Line |
   3 |      $UsagePattern = :Escape($Asset.Name)
     |                      ~~~~~~~
     | The term ':Escape' is not recognized as a name of a cmdlet, function, script file, or executable program.
Check the spelling of the name, or if a path was included, verify that the path is correct and try again.
>> TerminatingError(Select-String): "Cannot bind argument to parameter 'Pattern' because it is null."
Select-String: 
Line |
   5 |          $SourceFiles | Select-String -Pattern $UsagePattern -SimpleMa …
     |                                                ~~~~~~~~~~~~~
     | Cannot bind argument to parameter 'Pattern' because it is null.
Select-String: 
Line |
   5 |          $SourceFiles | Select-String -Pattern $UsagePattern -SimpleMa …
     |                                                ~~~~~~~~~~~~~
     | Cannot bind argument to parameter 'Pattern' because it is null.
InvalidOperation: 
Line |
  20 |          SizeKB = :Round($Asset.Length / 1KB, 1)
     |                   ~~~~~~~~~~~~~~~~~~~~~~~~~~~~~~
     | Method invocation failed because [System.Object[]] does not contain a method named 'op_Division'.
InvalidOperation: 
Line |
  20 |          SizeKB = :Round($Asset.Length / 1KB, 1)
     |                   ~~~~~~~~~~~~~~~~~~~~~~~~~~~~~~
     | Method invocation failed because [System.Object[]] does not contain a method named 'op_Division'.
:Escape: 
Line |
   3 |      $UsagePattern = :Escape($Asset.Name)
     |                      ~~~~~~~
     | The term ':Escape' is not recognized as a name of a cmdlet, function, script file, or executable program.
Check the spelling of the name, or if a path was included, verify that the path is correct and try again.
:Escape: 
Line |
   3 |      $UsagePattern = :Escape($Asset.Name)
     |                      ~~~~~~~
     | The term ':Escape' is not recognized as a name of a cmdlet, function, script file, or executable program.
Check the spelling of the name, or if a path was included, verify that the path is correct and try again.
>> TerminatingError(Select-String): "Cannot bind argument to parameter 'Pattern' because it is null."
Select-String: 
Line |
   5 |          $SourceFiles | Select-String -Pattern $UsagePattern -SimpleMa …
     |                                                ~~~~~~~~~~~~~
     | Cannot bind argument to parameter 'Pattern' because it is null.
Select-String: 
Line |
   5 |          $SourceFiles | Select-String -Pattern $UsagePattern -SimpleMa …
     |                                                ~~~~~~~~~~~~~
     | Cannot bind argument to parameter 'Pattern' because it is null.
InvalidOperation: 
Line |
  20 |          SizeKB = :Round($Asset.Length / 1KB, 1)
     |                   ~~~~~~~~~~~~~~~~~~~~~~~~~~~~~~
     | Method invocation failed because [System.Object[]] does not contain a method named 'op_Division'.
InvalidOperation: 
Line |
  20 |          SizeKB = :Round($Asset.Length / 1KB, 1)
     |                   ~~~~~~~~~~~~~~~~~~~~~~~~~~~~~~
     | Method invocation failed because [System.Object[]] does not contain a method named 'op_Division'.
:Escape: 
Line |
   3 |      $UsagePattern = :Escape($Asset.Name)
     |                      ~~~~~~~
     | The term ':Escape' is not recognized as a name of a cmdlet, function, script file, or executable program.
Check the spelling of the name, or if a path was included, verify that the path is correct and try again.
:Escape: 
Line |
   3 |      $UsagePattern = :Escape($Asset.Name)
     |                      ~~~~~~~
     | The term ':Escape' is not recognized as a name of a cmdlet, function, script file, or executable program.
Check the spelling of the name, or if a path was included, verify that the path is correct and try again.
>> TerminatingError(Select-String): "Cannot bind argument to parameter 'Pattern' because it is null."
Select-String: 
Line |
   5 |          $SourceFiles | Select-String -Pattern $UsagePattern -SimpleMa …
     |                                                ~~~~~~~~~~~~~
     | Cannot bind argument to parameter 'Pattern' because it is null.
Select-String: 
Line |
   5 |          $SourceFiles | Select-String -Pattern $UsagePattern -SimpleMa …
     |                                                ~~~~~~~~~~~~~
     | Cannot bind argument to parameter 'Pattern' because it is null.
InvalidOperation: 
Line |
  20 |          SizeKB = :Round($Asset.Length / 1KB, 1)
     |                   ~~~~~~~~~~~~~~~~~~~~~~~~~~~~~~
     | Method invocation failed because [System.Object[]] does not contain a method named 'op_Division'.
InvalidOperation: 
Line |
  20 |          SizeKB = :Round($Asset.Length / 1KB, 1)
     |                   ~~~~~~~~~~~~~~~~~~~~~~~~~~~~~~
     | Method invocation failed because [System.Object[]] does not contain a method named 'op_Division'.
:Escape: 
Line |
   3 |      $UsagePattern = :Escape($Asset.Name)
     |                      ~~~~~~~
     | The term ':Escape' is not recognized as a name of a cmdlet, function, script file, or executable program.
Check the spelling of the name, or if a path was included, verify that the path is correct and try again.
:Escape: 
Line |
   3 |      $UsagePattern = :Escape($Asset.Name)
     |                      ~~~~~~~
     | The term ':Escape' is not recognized as a name of a cmdlet, function, script file, or executable program.
Check the spelling of the name, or if a path was included, verify that the path is correct and try again.
>> TerminatingError(Select-String): "Cannot bind argument to parameter 'Pattern' because it is null."
Select-String: 
Line |
   5 |          $SourceFiles | Select-String -Pattern $UsagePattern -SimpleMa …
     |                                                ~~~~~~~~~~~~~
     | Cannot bind argument to parameter 'Pattern' because it is null.
Select-String: 
Line |
   5 |          $SourceFiles | Select-String -Pattern $UsagePattern -SimpleMa …
     |                                                ~~~~~~~~~~~~~
     | Cannot bind argument to parameter 'Pattern' because it is null.
InvalidOperation: 
Line |
  20 |          SizeKB = :Round($Asset.Length / 1KB, 1)
     |                   ~~~~~~~~~~~~~~~~~~~~~~~~~~~~~~
     | Method invocation failed because [System.Object[]] does not contain a method named 'op_Division'.
InvalidOperation: 
Line |
  20 |          SizeKB = :Round($Asset.Length / 1KB, 1)
     |                   ~~~~~~~~~~~~~~~~~~~~~~~~~~~~~~
     | Method invocation failed because [System.Object[]] does not contain a method named 'op_Division'.
:Escape: 
Line |
   3 |      $UsagePattern = :Escape($Asset.Name)
     |                      ~~~~~~~
     | The term ':Escape' is not recognized as a name of a cmdlet, function, script file, or executable program.
Check the spelling of the name, or if a path was included, verify that the path is correct and try again.
:Escape: 
Line |
   3 |      $UsagePattern = :Escape($Asset.Name)
     |                      ~~~~~~~
     | The term ':Escape' is not recognized as a name of a cmdlet, function, script file, or executable program.
Check the spelling of the name, or if a path was included, verify that the path is correct and try again.
>> TerminatingError(Select-String): "Cannot bind argument to parameter 'Pattern' because it is null."
Select-String: 
Line |
   5 |          $SourceFiles | Select-String -Pattern $UsagePattern -SimpleMa …
     |                                                ~~~~~~~~~~~~~
     | Cannot bind argument to parameter 'Pattern' because it is null.
Select-String: 
Line |
   5 |          $SourceFiles | Select-String -Pattern $UsagePattern -SimpleMa …
     |                                                ~~~~~~~~~~~~~
     | Cannot bind argument to parameter 'Pattern' because it is null.
InvalidOperation: 
Line |
  20 |          SizeKB = :Round($Asset.Length / 1KB, 1)
     |                   ~~~~~~~~~~~~~~~~~~~~~~~~~~~~~~
     | Method invocation failed because [System.Object[]] does not contain a method named 'op_Division'.
InvalidOperation: 
Line |
  20 |          SizeKB = :Round($Asset.Length / 1KB, 1)
     |                   ~~~~~~~~~~~~~~~~~~~~~~~~~~~~~~
     | Method invocation failed because [System.Object[]] does not contain a method named 'op_Division'.
:Escape: 
Line |
   3 |      $UsagePattern = :Escape($Asset.Name)
     |                      ~~~~~~~
     | The term ':Escape' is not recognized as a name of a cmdlet, function, script file, or executable program.
Check the spelling of the name, or if a path was included, verify that the path is correct and try again.
:Escape: 
Line |
   3 |      $UsagePattern = :Escape($Asset.Name)
     |                      ~~~~~~~
     | The term ':Escape' is not recognized as a name of a cmdlet, function, script file, or executable program.
Check the spelling of the name, or if a path was included, verify that the path is correct and try again.
>> TerminatingError(Select-String): "Cannot bind argument to parameter 'Pattern' because it is null."
Select-String: 
Line |
   5 |          $SourceFiles | Select-String -Pattern $UsagePattern -SimpleMa …
     |                                                ~~~~~~~~~~~~~
     | Cannot bind argument to parameter 'Pattern' because it is null.
Select-String: 
Line |
   5 |          $SourceFiles | Select-String -Pattern $UsagePattern -SimpleMa …
     |                                                ~~~~~~~~~~~~~
     | Cannot bind argument to parameter 'Pattern' because it is null.
InvalidOperation: 
Line |
  20 |          SizeKB = :Round($Asset.Length / 1KB, 1)
     |                   ~~~~~~~~~~~~~~~~~~~~~~~~~~~~~~
     | Method invocation failed because [System.Object[]] does not contain a method named 'op_Division'.
InvalidOperation: 
Line |
  20 |          SizeKB = :Round($Asset.Length / 1KB, 1)
     |                   ~~~~~~~~~~~~~~~~~~~~~~~~~~~~~~
     | Method invocation failed because [System.Object[]] does not contain a method named 'op_Division'.
:Escape: 
Line |
   3 |      $UsagePattern = :Escape($Asset.Name)
     |                      ~~~~~~~
     | The term ':Escape' is not recognized as a name of a cmdlet, function, script file, or executable program.
Check the spelling of the name, or if a path was included, verify that the path is correct and try again.
:Escape: 
Line |
   3 |      $UsagePattern = :Escape($Asset.Name)
     |                      ~~~~~~~
     | The term ':Escape' is not recognized as a name of a cmdlet, function, script file, or executable program.
Check the spelling of the name, or if a path was included, verify that the path is correct and try again.
>> TerminatingError(Select-String): "Cannot bind argument to parameter 'Pattern' because it is null."
Select-String: 
Line |
   5 |          $SourceFiles | Select-String -Pattern $UsagePattern -SimpleMa …
     |                                                ~~~~~~~~~~~~~
     | Cannot bind argument to parameter 'Pattern' because it is null.
Select-String: 
Line |
   5 |          $SourceFiles | Select-String -Pattern $UsagePattern -SimpleMa …
     |                                                ~~~~~~~~~~~~~
     | Cannot bind argument to parameter 'Pattern' because it is null.
InvalidOperation: 
Line |
  20 |          SizeKB = :Round($Asset.Length / 1KB, 1)
     |                   ~~~~~~~~~~~~~~~~~~~~~~~~~~~~~~
     | Method invocation failed because [System.Object[]] does not contain a method named 'op_Division'.
InvalidOperation: 
Line |
  20 |          SizeKB = :Round($Asset.Length / 1KB, 1)
     |                   ~~~~~~~~~~~~~~~~~~~~~~~~~~~~~~
     | Method invocation failed because [System.Object[]] does not contain a method named 'op_Division'.
:Escape: 
Line |
   3 |      $UsagePattern = :Escape($Asset.Name)
     |                      ~~~~~~~
     | The term ':Escape' is not recognized as a name of a cmdlet, function, script file, or executable program.
Check the spelling of the name, or if a path was included, verify that the path is correct and try again.
:Escape: 
Line |
   3 |      $UsagePattern = :Escape($Asset.Name)
     |                      ~~~~~~~
     | The term ':Escape' is not recognized as a name of a cmdlet, function, script file, or executable program.
Check the spelling of the name, or if a path was included, verify that the path is correct and try again.
>> TerminatingError(Select-String): "Cannot bind argument to parameter 'Pattern' because it is null."
Select-String: 
Line |
   5 |          $SourceFiles | Select-String -Pattern $UsagePattern -SimpleMa …
     |                                                ~~~~~~~~~~~~~
     | Cannot bind argument to parameter 'Pattern' because it is null.
Select-String: 
Line |
   5 |          $SourceFiles | Select-String -Pattern $UsagePattern -SimpleMa …
     |                                                ~~~~~~~~~~~~~
     | Cannot bind argument to parameter 'Pattern' because it is null.
InvalidOperation: 
Line |
  20 |          SizeKB = :Round($Asset.Length / 1KB, 1)
     |                   ~~~~~~~~~~~~~~~~~~~~~~~~~~~~~~
     | Method invocation failed because [System.Object[]] does not contain a method named 'op_Division'.
InvalidOperation: 
Line |
  20 |          SizeKB = :Round($Asset.Length / 1KB, 1)
     |                   ~~~~~~~~~~~~~~~~~~~~~~~~~~~~~~
     | Method invocation failed because [System.Object[]] does not contain a method named 'op_Division'.
:Escape: 
Line |
   3 |      $UsagePattern = :Escape($Asset.Name)
     |                      ~~~~~~~
     | The term ':Escape' is not recognized as a name of a cmdlet, function, script file, or executable program.
Check the spelling of the name, or if a path was included, verify that the path is correct and try again.
:Escape: 
Line |
   3 |      $UsagePattern = :Escape($Asset.Name)
     |                      ~~~~~~~
     | The term ':Escape' is not recognized as a name of a cmdlet, function, script file, or executable program.
Check the spelling of the name, or if a path was included, verify that the path is correct and try again.
>> TerminatingError(Select-String): "Cannot bind argument to parameter 'Pattern' because it is null."
Select-String: 
Line |
   5 |          $SourceFiles | Select-String -Pattern $UsagePattern -SimpleMa …
     |                                                ~~~~~~~~~~~~~
     | Cannot bind argument to parameter 'Pattern' because it is null.
Select-String: 
Line |
   5 |          $SourceFiles | Select-String -Pattern $UsagePattern -SimpleMa …
     |                                                ~~~~~~~~~~~~~
     | Cannot bind argument to parameter 'Pattern' because it is null.
InvalidOperation: 
Line |
  20 |          SizeKB = :Round($Asset.Length / 1KB, 1)
     |                   ~~~~~~~~~~~~~~~~~~~~~~~~~~~~~~
     | Method invocation failed because [System.Object[]] does not contain a method named 'op_Division'.
InvalidOperation: 
Line |
  20 |          SizeKB = :Round($Asset.Length / 1KB, 1)
     |                   ~~~~~~~~~~~~~~~~~~~~~~~~~~~~~~
     | Method invocation failed because [System.Object[]] does not contain a method named 'op_Division'.
:Escape: 
Line |
   3 |      $UsagePattern = :Escape($Asset.Name)
     |                      ~~~~~~~
     | The term ':Escape' is not recognized as a name of a cmdlet, function, script file, or executable program.
Check the spelling of the name, or if a path was included, verify that the path is correct and try again.
:Escape: 
Line |
   3 |      $UsagePattern = :Escape($Asset.Name)
     |                      ~~~~~~~
     | The term ':Escape' is not recognized as a name of a cmdlet, function, script file, or executable program.
Check the spelling of the name, or if a path was included, verify that the path is correct and try again.
>> TerminatingError(Select-String): "Cannot bind argument to parameter 'Pattern' because it is null."
Select-String: 
Line |
   5 |          $SourceFiles | Select-String -Pattern $UsagePattern -SimpleMa …
     |                                                ~~~~~~~~~~~~~
     | Cannot bind argument to parameter 'Pattern' because it is null.
Select-String: 
Line |
   5 |          $SourceFiles | Select-String -Pattern $UsagePattern -SimpleMa …
     |                                                ~~~~~~~~~~~~~
     | Cannot bind argument to parameter 'Pattern' because it is null.
InvalidOperation: 
Line |
  20 |          SizeKB = :Round($Asset.Length / 1KB, 1)
     |                   ~~~~~~~~~~~~~~~~~~~~~~~~~~~~~~
     | Method invocation failed because [System.Object[]] does not contain a method named 'op_Division'.
InvalidOperation: 
Line |
  20 |          SizeKB = :Round($Asset.Length / 1KB, 1)
     |                   ~~~~~~~~~~~~~~~~~~~~~~~~~~~~~~
     | Method invocation failed because [System.Object[]] does not contain a method named 'op_Division'.
:Escape: 
Line |
   3 |      $UsagePattern = :Escape($Asset.Name)
     |                      ~~~~~~~
     | The term ':Escape' is not recognized as a name of a cmdlet, function, script file, or executable program.
Check the spelling of the name, or if a path was included, verify that the path is correct and try again.
:Escape: 
Line |
   3 |      $UsagePattern = :Escape($Asset.Name)
     |                      ~~~~~~~
     | The term ':Escape' is not recognized as a name of a cmdlet, function, script file, or executable program.
Check the spelling of the name, or if a path was included, verify that the path is correct and try again.
>> TerminatingError(Select-String): "Cannot bind argument to parameter 'Pattern' because it is null."
Select-String: 
Line |
   5 |          $SourceFiles | Select-String -Pattern $UsagePattern -SimpleMa …
     |                                                ~~~~~~~~~~~~~
     | Cannot bind argument to parameter 'Pattern' because it is null.
Select-String: 
Line |
   5 |          $SourceFiles | Select-String -Pattern $UsagePattern -SimpleMa …
     |                                                ~~~~~~~~~~~~~
     | Cannot bind argument to parameter 'Pattern' because it is null.
InvalidOperation: 
Line |
  20 |          SizeKB = :Round($Asset.Length / 1KB, 1)
     |                   ~~~~~~~~~~~~~~~~~~~~~~~~~~~~~~
     | Method invocation failed because [System.Object[]] does not contain a method named 'op_Division'.
InvalidOperation: 
Line |
  20 |          SizeKB = :Round($Asset.Length / 1KB, 1)
     |                   ~~~~~~~~~~~~~~~~~~~~~~~~~~~~~~
     | Method invocation failed because [System.Object[]] does not contain a method named 'op_Division'.
:Escape: 
Line |
   3 |      $UsagePattern = :Escape($Asset.Name)
     |                      ~~~~~~~
     | The term ':Escape' is not recognized as a name of a cmdlet, function, script file, or executable program.
Check the spelling of the name, or if a path was included, verify that the path is correct and try again.
:Escape: 
Line |
   3 |      $UsagePattern = :Escape($Asset.Name)
     |                      ~~~~~~~
     | The term ':Escape' is not recognized as a name of a cmdlet, function, script file, or executable program.
Check the spelling of the name, or if a path was included, verify that the path is correct and try again.
>> TerminatingError(Select-String): "Cannot bind argument to parameter 'Pattern' because it is null."
Select-String: 
Line |
   5 |          $SourceFiles | Select-String -Pattern $UsagePattern -SimpleMa …
     |                                                ~~~~~~~~~~~~~
     | Cannot bind argument to parameter 'Pattern' because it is null.
Select-String: 
Line |
   5 |          $SourceFiles | Select-String -Pattern $UsagePattern -SimpleMa …
     |                                                ~~~~~~~~~~~~~
     | Cannot bind argument to parameter 'Pattern' because it is null.
InvalidOperation: 
Line |
  20 |          SizeKB = :Round($Asset.Length / 1KB, 1)
     |                   ~~~~~~~~~~~~~~~~~~~~~~~~~~~~~~
     | Method invocation failed because [System.Object[]] does not contain a method named 'op_Division'.
InvalidOperation: 
Line |
  20 |          SizeKB = :Round($Asset.Length / 1KB, 1)
     |                   ~~~~~~~~~~~~~~~~~~~~~~~~~~~~~~
     | Method invocation failed because [System.Object[]] does not contain a method named 'op_Division'.
:Escape: 
Line |
   3 |      $UsagePattern = :Escape($Asset.Name)
     |                      ~~~~~~~
     | The term ':Escape' is not recognized as a name of a cmdlet, function, script file, or executable program.
Check the spelling of the name, or if a path was included, verify that the path is correct and try again.
:Escape: 
Line |
   3 |      $UsagePattern = :Escape($Asset.Name)
     |                      ~~~~~~~
     | The term ':Escape' is not recognized as a name of a cmdlet, function, script file, or executable program.
Check the spelling of the name, or if a path was included, verify that the path is correct and try again.
>> TerminatingError(Select-String): "Cannot bind argument to parameter 'Pattern' because it is null."
Select-String: 
Line |
   5 |          $SourceFiles | Select-String -Pattern $UsagePattern -SimpleMa …
     |                                                ~~~~~~~~~~~~~
     | Cannot bind argument to parameter 'Pattern' because it is null.
Select-String: 
Line |
   5 |          $SourceFiles | Select-String -Pattern $UsagePattern -SimpleMa …
     |                                                ~~~~~~~~~~~~~
     | Cannot bind argument to parameter 'Pattern' because it is null.
InvalidOperation: 
Line |
  20 |          SizeKB = :Round($Asset.Length / 1KB, 1)
     |                   ~~~~~~~~~~~~~~~~~~~~~~~~~~~~~~
     | Method invocation failed because [System.Object[]] does not contain a method named 'op_Division'.
InvalidOperation: 
Line |
  20 |          SizeKB = :Round($Asset.Length / 1KB, 1)
     |                   ~~~~~~~~~~~~~~~~~~~~~~~~~~~~~~
     | Method invocation failed because [System.Object[]] does not contain a method named 'op_Division'.
:Escape: 
Line |
   3 |      $UsagePattern = :Escape($Asset.Name)
     |                      ~~~~~~~
     | The term ':Escape' is not recognized as a name of a cmdlet, function, script file, or executable program.
Check the spelling of the name, or if a path was included, verify that the path is correct and try again.
:Escape: 
Line |
   3 |      $UsagePattern = :Escape($Asset.Name)
     |                      ~~~~~~~
     | The term ':Escape' is not recognized as a name of a cmdlet, function, script file, or executable program.
Check the spelling of the name, or if a path was included, verify that the path is correct and try again.
>> TerminatingError(Select-String): "Cannot bind argument to parameter 'Pattern' because it is null."
Select-String: 
Line |
   5 |          $SourceFiles | Select-String -Pattern $UsagePattern -SimpleMa …
     |                                                ~~~~~~~~~~~~~
     | Cannot bind argument to parameter 'Pattern' because it is null.
Select-String: 
Line |
   5 |          $SourceFiles | Select-String -Pattern $UsagePattern -SimpleMa …
     |                                                ~~~~~~~~~~~~~
     | Cannot bind argument to parameter 'Pattern' because it is null.
InvalidOperation: 
Line |
  20 |          SizeKB = :Round($Asset.Length / 1KB, 1)
     |                   ~~~~~~~~~~~~~~~~~~~~~~~~~~~~~~
     | Method invocation failed because [System.Object[]] does not contain a method named 'op_Division'.
InvalidOperation: 
Line |
  20 |          SizeKB = :Round($Asset.Length / 1KB, 1)
     |                   ~~~~~~~~~~~~~~~~~~~~~~~~~~~~~~
     | Method invocation failed because [System.Object[]] does not contain a method named 'op_Division'.
:Escape: 
Line |
   3 |      $UsagePattern = :Escape($Asset.Name)
     |                      ~~~~~~~
     | The term ':Escape' is not recognized as a name of a cmdlet, function, script file, or executable program.
Check the spelling of the name, or if a path was included, verify that the path is correct and try again.
:Escape: 
Line |
   3 |      $UsagePattern = :Escape($Asset.Name)
     |                      ~~~~~~~
     | The term ':Escape' is not recognized as a name of a cmdlet, function, script file, or executable program.
Check the spelling of the name, or if a path was included, verify that the path is correct and try again.
>> TerminatingError(Select-String): "Cannot bind argument to parameter 'Pattern' because it is null."
Select-String: 
Line |
   5 |          $SourceFiles | Select-String -Pattern $UsagePattern -SimpleMa …
     |                                                ~~~~~~~~~~~~~
     | Cannot bind argument to parameter 'Pattern' because it is null.
Select-String: 
Line |
   5 |          $SourceFiles | Select-String -Pattern $UsagePattern -SimpleMa …
     |                                                ~~~~~~~~~~~~~
     | Cannot bind argument to parameter 'Pattern' because it is null.
InvalidOperation: 
Line |
  20 |          SizeKB = :Round($Asset.Length / 1KB, 1)
     |                   ~~~~~~~~~~~~~~~~~~~~~~~~~~~~~~
     | Method invocation failed because [System.Object[]] does not contain a method named 'op_Division'.
InvalidOperation: 
Line |
  20 |          SizeKB = :Round($Asset.Length / 1KB, 1)
     |                   ~~~~~~~~~~~~~~~~~~~~~~~~~~~~~~
     | Method invocation failed because [System.Object[]] does not contain a method named 'op_Division'.
:Escape: 
Line |
   3 |      $UsagePattern = :Escape($Asset.Name)
     |                      ~~~~~~~
     | The term ':Escape' is not recognized as a name of a cmdlet, function, script file, or executable program.
Check the spelling of the name, or if a path was included, verify that the path is correct and try again.
:Escape: 
Line |
   3 |      $UsagePattern = :Escape($Asset.Name)
     |                      ~~~~~~~
     | The term ':Escape' is not recognized as a name of a cmdlet, function, script file, or executable program.
Check the spelling of the name, or if a path was included, verify that the path is correct and try again.
>> TerminatingError(Select-String): "Cannot bind argument to parameter 'Pattern' because it is null."
Select-String: 
Line |
   5 |          $SourceFiles | Select-String -Pattern $UsagePattern -SimpleMa …
     |                                                ~~~~~~~~~~~~~
     | Cannot bind argument to parameter 'Pattern' because it is null.
Select-String: 
Line |
   5 |          $SourceFiles | Select-String -Pattern $UsagePattern -SimpleMa …
     |                                                ~~~~~~~~~~~~~
     | Cannot bind argument to parameter 'Pattern' because it is null.
InvalidOperation: 
Line |
  20 |          SizeKB = :Round($Asset.Length / 1KB, 1)
     |                   ~~~~~~~~~~~~~~~~~~~~~~~~~~~~~~
     | Method invocation failed because [System.Object[]] does not contain a method named 'op_Division'.
InvalidOperation: 
Line |
  20 |          SizeKB = :Round($Asset.Length / 1KB, 1)
     |                   ~~~~~~~~~~~~~~~~~~~~~~~~~~~~~~
     | Method invocation failed because [System.Object[]] does not contain a method named 'op_Division'.
:Escape: 
Line |
   3 |      $UsagePattern = :Escape($Asset.Name)
     |                      ~~~~~~~
     | The term ':Escape' is not recognized as a name of a cmdlet, function, script file, or executable program.
Check the spelling of the name, or if a path was included, verify that the path is correct and try again.
:Escape: 
Line |
   3 |      $UsagePattern = :Escape($Asset.Name)
     |                      ~~~~~~~
     | The term ':Escape' is not recognized as a name of a cmdlet, function, script file, or executable program.
Check the spelling of the name, or if a path was included, verify that the path is correct and try again.
>> TerminatingError(Select-String): "Cannot bind argument to parameter 'Pattern' because it is null."
Select-String: 
Line |
   5 |          $SourceFiles | Select-String -Pattern $UsagePattern -SimpleMa …
     |                                                ~~~~~~~~~~~~~
     | Cannot bind argument to parameter 'Pattern' because it is null.
Select-String: 
Line |
   5 |          $SourceFiles | Select-String -Pattern $UsagePattern -SimpleMa …
     |                                                ~~~~~~~~~~~~~
     | Cannot bind argument to parameter 'Pattern' because it is null.
InvalidOperation: 
Line |
  20 |          SizeKB = :Round($Asset.Length / 1KB, 1)
     |                   ~~~~~~~~~~~~~~~~~~~~~~~~~~~~~~
     | Method invocation failed because [System.Object[]] does not contain a method named 'op_Division'.
InvalidOperation: 
Line |
  20 |          SizeKB = :Round($Asset.Length / 1KB, 1)
     |                   ~~~~~~~~~~~~~~~~~~~~~~~~~~~~~~
     | Method invocation failed because [System.Object[]] does not contain a method named 'op_Division'.
:Escape: 
Line |
   3 |      $UsagePattern = :Escape($Asset.Name)
     |                      ~~~~~~~
     | The term ':Escape' is not recognized as a name of a cmdlet, function, script file, or executable program.
Check the spelling of the name, or if a path was included, verify that the path is correct and try again.
:Escape: 
Line |
   3 |      $UsagePattern = :Escape($Asset.Name)
     |                      ~~~~~~~
     | The term ':Escape' is not recognized as a name of a cmdlet, function, script file, or executable program.
Check the spelling of the name, or if a path was included, verify that the path is correct and try again.
>> TerminatingError(Select-String): "Cannot bind argument to parameter 'Pattern' because it is null."
Select-String: 
Line |
   5 |          $SourceFiles | Select-String -Pattern $UsagePattern -SimpleMa …
     |                                                ~~~~~~~~~~~~~
     | Cannot bind argument to parameter 'Pattern' because it is null.
Select-String: 
Line |
   5 |          $SourceFiles | Select-String -Pattern $UsagePattern -SimpleMa …
     |                                                ~~~~~~~~~~~~~
     | Cannot bind argument to parameter 'Pattern' because it is null.
InvalidOperation: 
Line |
  20 |          SizeKB = :Round($Asset.Length / 1KB, 1)
     |                   ~~~~~~~~~~~~~~~~~~~~~~~~~~~~~~
     | Method invocation failed because [System.Object[]] does not contain a method named 'op_Division'.
InvalidOperation: 
Line |
  20 |          SizeKB = :Round($Asset.Length / 1KB, 1)
     |                   ~~~~~~~~~~~~~~~~~~~~~~~~~~~~~~
     | Method invocation failed because [System.Object[]] does not contain a method named 'op_Division'.
:Escape: 
Line |
   3 |      $UsagePattern = :Escape($Asset.Name)
     |                      ~~~~~~~
     | The term ':Escape' is not recognized as a name of a cmdlet, function, script file, or executable program.
Check the spelling of the name, or if a path was included, verify that the path is correct and try again.
:Escape: 
Line |
   3 |      $UsagePattern = :Escape($Asset.Name)
     |                      ~~~~~~~
     | The term ':Escape' is not recognized as a name of a cmdlet, function, script file, or executable program.
Check the spelling of the name, or if a path was included, verify that the path is correct and try again.
>> TerminatingError(Select-String): "Cannot bind argument to parameter 'Pattern' because it is null."
Select-String: 
Line |
   5 |          $SourceFiles | Select-String -Pattern $UsagePattern -SimpleMa …
     |                                                ~~~~~~~~~~~~~
     | Cannot bind argument to parameter 'Pattern' because it is null.
Select-String: 
Line |
   5 |          $SourceFiles | Select-String -Pattern $UsagePattern -SimpleMa …
     |                                                ~~~~~~~~~~~~~
     | Cannot bind argument to parameter 'Pattern' because it is null.
InvalidOperation: 
Line |
  20 |          SizeKB = :Round($Asset.Length / 1KB, 1)
     |                   ~~~~~~~~~~~~~~~~~~~~~~~~~~~~~~
     | Method invocation failed because [System.Object[]] does not contain a method named 'op_Division'.
InvalidOperation: 
Line |
  20 |          SizeKB = :Round($Asset.Length / 1KB, 1)
     |                   ~~~~~~~~~~~~~~~~~~~~~~~~~~~~~~
     | Method invocation failed because [System.Object[]] does not contain a method named 'op_Division'.
:Escape: 
Line |
   3 |      $UsagePattern = :Escape($Asset.Name)
     |                      ~~~~~~~
     | The term ':Escape' is not recognized as a name of a cmdlet, function, script file, or executable program.
Check the spelling of the name, or if a path was included, verify that the path is correct and try again.
:Escape: 
Line |
   3 |      $UsagePattern = :Escape($Asset.Name)
     |                      ~~~~~~~
     | The term ':Escape' is not recognized as a name of a cmdlet, function, script file, or executable program.
Check the spelling of the name, or if a path was included, verify that the path is correct and try again.
>> TerminatingError(Select-String): "Cannot bind argument to parameter 'Pattern' because it is null."
Select-String: 
Line |
   5 |          $SourceFiles | Select-String -Pattern $UsagePattern -SimpleMa …
     |                                                ~~~~~~~~~~~~~
     | Cannot bind argument to parameter 'Pattern' because it is null.
Select-String: 
Line |
   5 |          $SourceFiles | Select-String -Pattern $UsagePattern -SimpleMa …
     |                                                ~~~~~~~~~~~~~
     | Cannot bind argument to parameter 'Pattern' because it is null.
InvalidOperation: 
Line |
  20 |          SizeKB = :Round($Asset.Length / 1KB, 1)
     |                   ~~~~~~~~~~~~~~~~~~~~~~~~~~~~~~
     | Method invocation failed because [System.Object[]] does not contain a method named 'op_Division'.
InvalidOperation: 
Line |
  20 |          SizeKB = :Round($Asset.Length / 1KB, 1)
     |                   ~~~~~~~~~~~~~~~~~~~~~~~~~~~~~~
     | Method invocation failed because [System.Object[]] does not contain a method named 'op_Division'.
:Escape: 
Line |
   3 |      $UsagePattern = :Escape($Asset.Name)
     |                      ~~~~~~~
     | The term ':Escape' is not recognized as a name of a cmdlet, function, script file, or executable program.
Check the spelling of the name, or if a path was included, verify that the path is correct and try again.
:Escape: 
Line |
   3 |      $UsagePattern = :Escape($Asset.Name)
     |                      ~~~~~~~
     | The term ':Escape' is not recognized as a name of a cmdlet, function, script file, or executable program.
Check the spelling of the name, or if a path was included, verify that the path is correct and try again.
>> TerminatingError(Select-String): "Cannot bind argument to parameter 'Pattern' because it is null."
Select-String: 
Line |
   5 |          $SourceFiles | Select-String -Pattern $UsagePattern -SimpleMa …
     |                                                ~~~~~~~~~~~~~
     | Cannot bind argument to parameter 'Pattern' because it is null.
Select-String: 
Line |
   5 |          $SourceFiles | Select-String -Pattern $UsagePattern -SimpleMa …
     |                                                ~~~~~~~~~~~~~
     | Cannot bind argument to parameter 'Pattern' because it is null.
InvalidOperation: 
Line |
  20 |          SizeKB = :Round($Asset.Length / 1KB, 1)
     |                   ~~~~~~~~~~~~~~~~~~~~~~~~~~~~~~
     | Method invocation failed because [System.Object[]] does not contain a method named 'op_Division'.
InvalidOperation: 
Line |
  20 |          SizeKB = :Round($Asset.Length / 1KB, 1)
     |                   ~~~~~~~~~~~~~~~~~~~~~~~~~~~~~~
     | Method invocation failed because [System.Object[]] does not contain a method named 'op_Division'.
:Escape: 
Line |
   3 |      $UsagePattern = :Escape($Asset.Name)
     |                      ~~~~~~~
     | The term ':Escape' is not recognized as a name of a cmdlet, function, script file, or executable program.
Check the spelling of the name, or if a path was included, verify that the path is correct and try again.
:Escape: 
Line |
   3 |      $UsagePattern = :Escape($Asset.Name)
     |                      ~~~~~~~
     | The term ':Escape' is not recognized as a name of a cmdlet, function, script file, or executable program.
Check the spelling of the name, or if a path was included, verify that the path is correct and try again.
>> TerminatingError(Select-String): "Cannot bind argument to parameter 'Pattern' because it is null."
Select-String: 
Line |
   5 |          $SourceFiles | Select-String -Pattern $UsagePattern -SimpleMa …
     |                                                ~~~~~~~~~~~~~
     | Cannot bind argument to parameter 'Pattern' because it is null.
Select-String: 
Line |
   5 |          $SourceFiles | Select-String -Pattern $UsagePattern -SimpleMa …
     |                                                ~~~~~~~~~~~~~
     | Cannot bind argument to parameter 'Pattern' because it is null.
InvalidOperation: 
Line |
  20 |          SizeKB = :Round($Asset.Length / 1KB, 1)
     |                   ~~~~~~~~~~~~~~~~~~~~~~~~~~~~~~
     | Method invocation failed because [System.Object[]] does not contain a method named 'op_Division'.
InvalidOperation: 
Line |
  20 |          SizeKB = :Round($Asset.Length / 1KB, 1)
     |                   ~~~~~~~~~~~~~~~~~~~~~~~~~~~~~~
     | Method invocation failed because [System.Object[]] does not contain a method named 'op_Division'.
:Escape: 
Line |
   3 |      $UsagePattern = :Escape($Asset.Name)
     |                      ~~~~~~~
     | The term ':Escape' is not recognized as a name of a cmdlet, function, script file, or executable program.
Check the spelling of the name, or if a path was included, verify that the path is correct and try again.
:Escape: 
Line |
   3 |      $UsagePattern = :Escape($Asset.Name)
     |                      ~~~~~~~
     | The term ':Escape' is not recognized as a name of a cmdlet, function, script file, or executable program.
Check the spelling of the name, or if a path was included, verify that the path is correct and try again.
>> TerminatingError(Select-String): "Cannot bind argument to parameter 'Pattern' because it is null."
Select-String: 
Line |
   5 |          $SourceFiles | Select-String -Pattern $UsagePattern -SimpleMa …
     |                                                ~~~~~~~~~~~~~
     | Cannot bind argument to parameter 'Pattern' because it is null.
Select-String: 
Line |
   5 |          $SourceFiles | Select-String -Pattern $UsagePattern -SimpleMa …
     |                                                ~~~~~~~~~~~~~
     | Cannot bind argument to parameter 'Pattern' because it is null.
InvalidOperation: 
Line |
  20 |          SizeKB = :Round($Asset.Length / 1KB, 1)
     |                   ~~~~~~~~~~~~~~~~~~~~~~~~~~~~~~
     | Method invocation failed because [System.Object[]] does not contain a method named 'op_Division'.
InvalidOperation: 
Line |
  20 |          SizeKB = :Round($Asset.Length / 1KB, 1)
     |                   ~~~~~~~~~~~~~~~~~~~~~~~~~~~~~~
     | Method invocation failed because [System.Object[]] does not contain a method named 'op_Division'.
:Escape: 
Line |
   3 |      $UsagePattern = :Escape($Asset.Name)
     |                      ~~~~~~~
     | The term ':Escape' is not recognized as a name of a cmdlet, function, script file, or executable program.
Check the spelling of the name, or if a path was included, verify that the path is correct and try again.
:Escape: 
Line |
   3 |      $UsagePattern = :Escape($Asset.Name)
     |                      ~~~~~~~
     | The term ':Escape' is not recognized as a name of a cmdlet, function, script file, or executable program.
Check the spelling of the name, or if a path was included, verify that the path is correct and try again.
>> TerminatingError(Select-String): "Cannot bind argument to parameter 'Pattern' because it is null."
Select-String: 
Line |
   5 |          $SourceFiles | Select-String -Pattern $UsagePattern -SimpleMa …
     |                                                ~~~~~~~~~~~~~
     | Cannot bind argument to parameter 'Pattern' because it is null.
Select-String: 
Line |
   5 |          $SourceFiles | Select-String -Pattern $UsagePattern -SimpleMa …
     |                                                ~~~~~~~~~~~~~
     | Cannot bind argument to parameter 'Pattern' because it is null.
InvalidOperation: 
Line |
  20 |          SizeKB = :Round($Asset.Length / 1KB, 1)
     |                   ~~~~~~~~~~~~~~~~~~~~~~~~~~~~~~
     | Method invocation failed because [System.Object[]] does not contain a method named 'op_Division'.
InvalidOperation: 
Line |
  20 |          SizeKB = :Round($Asset.Length / 1KB, 1)
     |                   ~~~~~~~~~~~~~~~~~~~~~~~~~~~~~~
     | Method invocation failed because [System.Object[]] does not contain a method named 'op_Division'.
:Escape: 
Line |
   3 |      $UsagePattern = :Escape($Asset.Name)
     |                      ~~~~~~~
     | The term ':Escape' is not recognized as a name of a cmdlet, function, script file, or executable program.
Check the spelling of the name, or if a path was included, verify that the path is correct and try again.
:Escape: 
Line |
   3 |      $UsagePattern = :Escape($Asset.Name)
     |                      ~~~~~~~
     | The term ':Escape' is not recognized as a name of a cmdlet, function, script file, or executable program.
Check the spelling of the name, or if a path was included, verify that the path is correct and try again.
>> TerminatingError(Select-String): "Cannot bind argument to parameter 'Pattern' because it is null."
Select-String: 
Line |
   5 |          $SourceFiles | Select-String -Pattern $UsagePattern -SimpleMa …
     |                                                ~~~~~~~~~~~~~
     | Cannot bind argument to parameter 'Pattern' because it is null.
Select-String: 
Line |
   5 |          $SourceFiles | Select-String -Pattern $UsagePattern -SimpleMa …
     |                                                ~~~~~~~~~~~~~
     | Cannot bind argument to parameter 'Pattern' because it is null.
InvalidOperation: 
Line |
  20 |          SizeKB = :Round($Asset.Length / 1KB, 1)
     |                   ~~~~~~~~~~~~~~~~~~~~~~~~~~~~~~
     | Method invocation failed because [System.Object[]] does not contain a method named 'op_Division'.
InvalidOperation: 
Line |
  20 |          SizeKB = :Round($Asset.Length / 1KB, 1)
     |                   ~~~~~~~~~~~~~~~~~~~~~~~~~~~~~~
     | Method invocation failed because [System.Object[]] does not contain a method named 'op_Division'.
:Escape: 
Line |
   3 |      $UsagePattern = :Escape($Asset.Name)
     |                      ~~~~~~~
     | The term ':Escape' is not recognized as a name of a cmdlet, function, script file, or executable program.
Check the spelling of the name, or if a path was included, verify that the path is correct and try again.
:Escape: 
Line |
   3 |      $UsagePattern = :Escape($Asset.Name)
     |                      ~~~~~~~
     | The term ':Escape' is not recognized as a name of a cmdlet, function, script file, or executable program.
Check the spelling of the name, or if a path was included, verify that the path is correct and try again.
>> TerminatingError(Select-String): "Cannot bind argument to parameter 'Pattern' because it is null."
Select-String: 
Line |
   5 |          $SourceFiles | Select-String -Pattern $UsagePattern -SimpleMa …
     |                                                ~~~~~~~~~~~~~
     | Cannot bind argument to parameter 'Pattern' because it is null.
Select-String: 
Line |
   5 |          $SourceFiles | Select-String -Pattern $UsagePattern -SimpleMa …
     |                                                ~~~~~~~~~~~~~
     | Cannot bind argument to parameter 'Pattern' because it is null.
InvalidOperation: 
Line |
  20 |          SizeKB = :Round($Asset.Length / 1KB, 1)
     |                   ~~~~~~~~~~~~~~~~~~~~~~~~~~~~~~
     | Method invocation failed because [System.Object[]] does not contain a method named 'op_Division'.
InvalidOperation: 
Line |
  20 |          SizeKB = :Round($Asset.Length / 1KB, 1)
     |                   ~~~~~~~~~~~~~~~~~~~~~~~~~~~~~~
     | Method invocation failed because [System.Object[]] does not contain a method named 'op_Division'.
:Escape: 
Line |
   3 |      $UsagePattern = :Escape($Asset.Name)
     |                      ~~~~~~~
     | The term ':Escape' is not recognized as a name of a cmdlet, function, script file, or executable program.
Check the spelling of the name, or if a path was included, verify that the path is correct and try again.
:Escape: 
Line |
   3 |      $UsagePattern = :Escape($Asset.Name)
     |                      ~~~~~~~
     | The term ':Escape' is not recognized as a name of a cmdlet, function, script file, or executable program.
Check the spelling of the name, or if a path was included, verify that the path is correct and try again.
>> TerminatingError(Select-String): "Cannot bind argument to parameter 'Pattern' because it is null."
Select-String: 
Line |
   5 |          $SourceFiles | Select-String -Pattern $UsagePattern -SimpleMa …
     |                                                ~~~~~~~~~~~~~
     | Cannot bind argument to parameter 'Pattern' because it is null.
Select-String: 
Line |
   5 |          $SourceFiles | Select-String -Pattern $UsagePattern -SimpleMa …
     |                                                ~~~~~~~~~~~~~
     | Cannot bind argument to parameter 'Pattern' because it is null.
InvalidOperation: 
Line |
  20 |          SizeKB = :Round($Asset.Length / 1KB, 1)
     |                   ~~~~~~~~~~~~~~~~~~~~~~~~~~~~~~
     | Method invocation failed because [System.Object[]] does not contain a method named 'op_Division'.
InvalidOperation: 
Line |
  20 |          SizeKB = :Round($Asset.Length / 1KB, 1)
     |                   ~~~~~~~~~~~~~~~~~~~~~~~~~~~~~~
     | Method invocation failed because [System.Object[]] does not contain a method named 'op_Division'.
:Escape: 
Line |
   3 |      $UsagePattern = :Escape($Asset.Name)
     |                      ~~~~~~~
     | The term ':Escape' is not recognized as a name of a cmdlet, function, script file, or executable program.
Check the spelling of the name, or if a path was included, verify that the path is correct and try again.
:Escape: 
Line |
   3 |      $UsagePattern = :Escape($Asset.Name)
     |                      ~~~~~~~
     | The term ':Escape' is not recognized as a name of a cmdlet, function, script file, or executable program.
Check the spelling of the name, or if a path was included, verify that the path is correct and try again.
>> TerminatingError(Select-String): "Cannot bind argument to parameter 'Pattern' because it is null."
Select-String: 
Line |
   5 |          $SourceFiles | Select-String -Pattern $UsagePattern -SimpleMa …
     |                                                ~~~~~~~~~~~~~
     | Cannot bind argument to parameter 'Pattern' because it is null.
Select-String: 
Line |
   5 |          $SourceFiles | Select-String -Pattern $UsagePattern -SimpleMa …
     |                                                ~~~~~~~~~~~~~
     | Cannot bind argument to parameter 'Pattern' because it is null.
InvalidOperation: 
Line |
  20 |          SizeKB = :Round($Asset.Length / 1KB, 1)
     |                   ~~~~~~~~~~~~~~~~~~~~~~~~~~~~~~
     | Method invocation failed because [System.Object[]] does not contain a method named 'op_Division'.
InvalidOperation: 
Line |
  20 |          SizeKB = :Round($Asset.Length / 1KB, 1)
     |                   ~~~~~~~~~~~~~~~~~~~~~~~~~~~~~~
     | Method invocation failed because [System.Object[]] does not contain a method named 'op_Division'.
:Escape: 
Line |
   3 |      $UsagePattern = :Escape($Asset.Name)
     |                      ~~~~~~~
     | The term ':Escape' is not recognized as a name of a cmdlet, function, script file, or executable program.
Check the spelling of the name, or if a path was included, verify that the path is correct and try again.
:Escape: 
Line |
   3 |      $UsagePattern = :Escape($Asset.Name)
     |                      ~~~~~~~
     | The term ':Escape' is not recognized as a name of a cmdlet, function, script file, or executable program.
Check the spelling of the name, or if a path was included, verify that the path is correct and try again.
>> TerminatingError(Select-String): "Cannot bind argument to parameter 'Pattern' because it is null."
Select-String: 
Line |
   5 |          $SourceFiles | Select-String -Pattern $UsagePattern -SimpleMa …
     |                                                ~~~~~~~~~~~~~
     | Cannot bind argument to parameter 'Pattern' because it is null.
Select-String: 
Line |
   5 |          $SourceFiles | Select-String -Pattern $UsagePattern -SimpleMa …
     |                                                ~~~~~~~~~~~~~
     | Cannot bind argument to parameter 'Pattern' because it is null.
InvalidOperation: 
Line |
  20 |          SizeKB = :Round($Asset.Length / 1KB, 1)
     |                   ~~~~~~~~~~~~~~~~~~~~~~~~~~~~~~
     | Method invocation failed because [System.Object[]] does not contain a method named 'op_Division'.
InvalidOperation: 
Line |
  20 |          SizeKB = :Round($Asset.Length / 1KB, 1)
     |                   ~~~~~~~~~~~~~~~~~~~~~~~~~~~~~~
     | Method invocation failed because [System.Object[]] does not contain a method named 'op_Division'.
:Escape: 
Line |
   3 |      $UsagePattern = :Escape($Asset.Name)
     |                      ~~~~~~~
     | The term ':Escape' is not recognized as a name of a cmdlet, function, script file, or executable program.
Check the spelling of the name, or if a path was included, verify that the path is correct and try again.
:Escape: 
Line |
   3 |      $UsagePattern = :Escape($Asset.Name)
     |                      ~~~~~~~
     | The term ':Escape' is not recognized as a name of a cmdlet, function, script file, or executable program.
Check the spelling of the name, or if a path was included, verify that the path is correct and try again.
>> TerminatingError(Select-String): "Cannot bind argument to parameter 'Pattern' because it is null."
Select-String: 
Line |
   5 |          $SourceFiles | Select-String -Pattern $UsagePattern -SimpleMa …
     |                                                ~~~~~~~~~~~~~
     | Cannot bind argument to parameter 'Pattern' because it is null.
Select-String: 
Line |
   5 |          $SourceFiles | Select-String -Pattern $UsagePattern -SimpleMa …
     |                                                ~~~~~~~~~~~~~
     | Cannot bind argument to parameter 'Pattern' because it is null.
InvalidOperation: 
Line |
  20 |          SizeKB = :Round($Asset.Length / 1KB, 1)
     |                   ~~~~~~~~~~~~~~~~~~~~~~~~~~~~~~
     | Method invocation failed because [System.Object[]] does not contain a method named 'op_Division'.
InvalidOperation: 
Line |
  20 |          SizeKB = :Round($Asset.Length / 1KB, 1)
     |                   ~~~~~~~~~~~~~~~~~~~~~~~~~~~~~~
     | Method invocation failed because [System.Object[]] does not contain a method named 'op_Division'.
:Escape: 
Line |
   3 |      $UsagePattern = :Escape($Asset.Name)
     |                      ~~~~~~~
     | The term ':Escape' is not recognized as a name of a cmdlet, function, script file, or executable program.
Check the spelling of the name, or if a path was included, verify that the path is correct and try again.
:Escape: 
Line |
   3 |      $UsagePattern = :Escape($Asset.Name)
     |                      ~~~~~~~
     | The term ':Escape' is not recognized as a name of a cmdlet, function, script file, or executable program.
Check the spelling of the name, or if a path was included, verify that the path is correct and try again.
>> TerminatingError(Select-String): "Cannot bind argument to parameter 'Pattern' because it is null."
Select-String: 
Line |
   5 |          $SourceFiles | Select-String -Pattern $UsagePattern -SimpleMa …
     |                                                ~~~~~~~~~~~~~
     | Cannot bind argument to parameter 'Pattern' because it is null.
Select-String: 
Line |
   5 |          $SourceFiles | Select-String -Pattern $UsagePattern -SimpleMa …
     |                                                ~~~~~~~~~~~~~
     | Cannot bind argument to parameter 'Pattern' because it is null.
InvalidOperation: 
Line |
  20 |          SizeKB = :Round($Asset.Length / 1KB, 1)
     |                   ~~~~~~~~~~~~~~~~~~~~~~~~~~~~~~
     | Method invocation failed because [System.Object[]] does not contain a method named 'op_Division'.
InvalidOperation: 
Line |
  20 |          SizeKB = :Round($Asset.Length / 1KB, 1)
     |                   ~~~~~~~~~~~~~~~~~~~~~~~~~~~~~~
     | Method invocation failed because [System.Object[]] does not contain a method named 'op_Division'.
:Escape: 
Line |
   3 |      $UsagePattern = :Escape($Asset.Name)
     |                      ~~~~~~~
     | The term ':Escape' is not recognized as a name of a cmdlet, function, script file, or executable program.
Check the spelling of the name, or if a path was included, verify that the path is correct and try again.
:Escape: 
Line |
   3 |      $UsagePattern = :Escape($Asset.Name)
     |                      ~~~~~~~
     | The term ':Escape' is not recognized as a name of a cmdlet, function, script file, or executable program.
Check the spelling of the name, or if a path was included, verify that the path is correct and try again.
>> TerminatingError(Select-String): "Cannot bind argument to parameter 'Pattern' because it is null."
Select-String: 
Line |
   5 |          $SourceFiles | Select-String -Pattern $UsagePattern -SimpleMa …
     |                                                ~~~~~~~~~~~~~
     | Cannot bind argument to parameter 'Pattern' because it is null.
Select-String: 
Line |
   5 |          $SourceFiles | Select-String -Pattern $UsagePattern -SimpleMa …
     |                                                ~~~~~~~~~~~~~
     | Cannot bind argument to parameter 'Pattern' because it is null.
InvalidOperation: 
Line |
  20 |          SizeKB = :Round($Asset.Length / 1KB, 1)
     |                   ~~~~~~~~~~~~~~~~~~~~~~~~~~~~~~
     | Method invocation failed because [System.Object[]] does not contain a method named 'op_Division'.
InvalidOperation: 
Line |
  20 |          SizeKB = :Round($Asset.Length / 1KB, 1)
     |                   ~~~~~~~~~~~~~~~~~~~~~~~~~~~~~~
     | Method invocation failed because [System.Object[]] does not contain a method named 'op_Division'.
:Escape: 
Line |
   3 |      $UsagePattern = :Escape($Asset.Name)
     |                      ~~~~~~~
     | The term ':Escape' is not recognized as a name of a cmdlet, function, script file, or executable program.
Check the spelling of the name, or if a path was included, verify that the path is correct and try again.
:Escape: 
Line |
   3 |      $UsagePattern = :Escape($Asset.Name)
     |                      ~~~~~~~
     | The term ':Escape' is not recognized as a name of a cmdlet, function, script file, or executable program.
Check the spelling of the name, or if a path was included, verify that the path is correct and try again.
>> TerminatingError(Select-String): "Cannot bind argument to parameter 'Pattern' because it is null."
Select-String: 
Line |
   5 |          $SourceFiles | Select-String -Pattern $UsagePattern -SimpleMa …
     |                                                ~~~~~~~~~~~~~
     | Cannot bind argument to parameter 'Pattern' because it is null.
Select-String: 
Line |
   5 |          $SourceFiles | Select-String -Pattern $UsagePattern -SimpleMa …
     |                                                ~~~~~~~~~~~~~
     | Cannot bind argument to parameter 'Pattern' because it is null.
InvalidOperation: 
Line |
  20 |          SizeKB = :Round($Asset.Length / 1KB, 1)
     |                   ~~~~~~~~~~~~~~~~~~~~~~~~~~~~~~
     | Method invocation failed because [System.Object[]] does not contain a method named 'op_Division'.
InvalidOperation: 
Line |
  20 |          SizeKB = :Round($Asset.Length / 1KB, 1)
     |                   ~~~~~~~~~~~~~~~~~~~~~~~~~~~~~~
     | Method invocation failed because [System.Object[]] does not contain a method named 'op_Division'.
:Escape: 
Line |
   3 |      $UsagePattern = :Escape($Asset.Name)
     |                      ~~~~~~~
     | The term ':Escape' is not recognized as a name of a cmdlet, function, script file, or executable program.
Check the spelling of the name, or if a path was included, verify that the path is correct and try again.
:Escape: 
Line |
   3 |      $UsagePattern = :Escape($Asset.Name)
     |                      ~~~~~~~
     | The term ':Escape' is not recognized as a name of a cmdlet, function, script file, or executable program.
Check the spelling of the name, or if a path was included, verify that the path is correct and try again.
>> TerminatingError(Select-String): "Cannot bind argument to parameter 'Pattern' because it is null."
Select-String: 
Line |
   5 |          $SourceFiles | Select-String -Pattern $UsagePattern -SimpleMa …
     |                                                ~~~~~~~~~~~~~
     | Cannot bind argument to parameter 'Pattern' because it is null.
Select-String: 
Line |
   5 |          $SourceFiles | Select-String -Pattern $UsagePattern -SimpleMa …
     |                                                ~~~~~~~~~~~~~
     | Cannot bind argument to parameter 'Pattern' because it is null.
InvalidOperation: 
Line |
  20 |          SizeKB = :Round($Asset.Length / 1KB, 1)
     |                   ~~~~~~~~~~~~~~~~~~~~~~~~~~~~~~
     | Method invocation failed because [System.Object[]] does not contain a method named 'op_Division'.
InvalidOperation: 
Line |
  20 |          SizeKB = :Round($Asset.Length / 1KB, 1)
     |                   ~~~~~~~~~~~~~~~~~~~~~~~~~~~~~~
     | Method invocation failed because [System.Object[]] does not contain a method named 'op_Division'.
:Escape: 
Line |
   3 |      $UsagePattern = :Escape($Asset.Name)
     |                      ~~~~~~~
     | The term ':Escape' is not recognized as a name of a cmdlet, function, script file, or executable program.
Check the spelling of the name, or if a path was included, verify that the path is correct and try again.
:Escape: 
Line |
   3 |      $UsagePattern = :Escape($Asset.Name)
     |                      ~~~~~~~
     | The term ':Escape' is not recognized as a name of a cmdlet, function, script file, or executable program.
Check the spelling of the name, or if a path was included, verify that the path is correct and try again.
>> TerminatingError(Select-String): "Cannot bind argument to parameter 'Pattern' because it is null."
Select-String: 
Line |
   5 |          $SourceFiles | Select-String -Pattern $UsagePattern -SimpleMa …
     |                                                ~~~~~~~~~~~~~
     | Cannot bind argument to parameter 'Pattern' because it is null.
Select-String: 
Line |
   5 |          $SourceFiles | Select-String -Pattern $UsagePattern -SimpleMa …
     |                                                ~~~~~~~~~~~~~
     | Cannot bind argument to parameter 'Pattern' because it is null.
InvalidOperation: 
Line |
  20 |          SizeKB = :Round($Asset.Length / 1KB, 1)
     |                   ~~~~~~~~~~~~~~~~~~~~~~~~~~~~~~
     | Method invocation failed because [System.Object[]] does not contain a method named 'op_Division'.
InvalidOperation: 
Line |
  20 |          SizeKB = :Round($Asset.Length / 1KB, 1)
     |                   ~~~~~~~~~~~~~~~~~~~~~~~~~~~~~~
     | Method invocation failed because [System.Object[]] does not contain a method named 'op_Division'.
:Escape: 
Line |
   3 |      $UsagePattern = :Escape($Asset.Name)
     |                      ~~~~~~~
     | The term ':Escape' is not recognized as a name of a cmdlet, function, script file, or executable program.
Check the spelling of the name, or if a path was included, verify that the path is correct and try again.
:Escape: 
Line |
   3 |      $UsagePattern = :Escape($Asset.Name)
     |                      ~~~~~~~
     | The term ':Escape' is not recognized as a name of a cmdlet, function, script file, or executable program.
Check the spelling of the name, or if a path was included, verify that the path is correct and try again.
>> TerminatingError(Select-String): "Cannot bind argument to parameter 'Pattern' because it is null."
Select-String: 
Line |
   5 |          $SourceFiles | Select-String -Pattern $UsagePattern -SimpleMa …
     |                                                ~~~~~~~~~~~~~
     | Cannot bind argument to parameter 'Pattern' because it is null.
Select-String: 
Line |
   5 |          $SourceFiles | Select-String -Pattern $UsagePattern -SimpleMa …
     |                                                ~~~~~~~~~~~~~
     | Cannot bind argument to parameter 'Pattern' because it is null.
InvalidOperation: 
Line |
  20 |          SizeKB = :Round($Asset.Length / 1KB, 1)
     |                   ~~~~~~~~~~~~~~~~~~~~~~~~~~~~~~
     | Method invocation failed because [System.Object[]] does not contain a method named 'op_Division'.
InvalidOperation: 
Line |
  20 |          SizeKB = :Round($Asset.Length / 1KB, 1)
     |                   ~~~~~~~~~~~~~~~~~~~~~~~~~~~~~~
     | Method invocation failed because [System.Object[]] does not contain a method named 'op_Division'.
:Escape: 
Line |
   3 |      $UsagePattern = :Escape($Asset.Name)
     |                      ~~~~~~~
     | The term ':Escape' is not recognized as a name of a cmdlet, function, script file, or executable program.
Check the spelling of the name, or if a path was included, verify that the path is correct and try again.
:Escape: 
Line |
   3 |      $UsagePattern = :Escape($Asset.Name)
     |                      ~~~~~~~
     | The term ':Escape' is not recognized as a name of a cmdlet, function, script file, or executable program.
Check the spelling of the name, or if a path was included, verify that the path is correct and try again.
>> TerminatingError(Select-String): "Cannot bind argument to parameter 'Pattern' because it is null."
Select-String: 
Line |
   5 |          $SourceFiles | Select-String -Pattern $UsagePattern -SimpleMa …
     |                                                ~~~~~~~~~~~~~
     | Cannot bind argument to parameter 'Pattern' because it is null.
Select-String: 
Line |
   5 |          $SourceFiles | Select-String -Pattern $UsagePattern -SimpleMa …
     |                                                ~~~~~~~~~~~~~
     | Cannot bind argument to parameter 'Pattern' because it is null.
InvalidOperation: 
Line |
  20 |          SizeKB = :Round($Asset.Length / 1KB, 1)
     |                   ~~~~~~~~~~~~~~~~~~~~~~~~~~~~~~
     | Method invocation failed because [System.Object[]] does not contain a method named 'op_Division'.
InvalidOperation: 
Line |
  20 |          SizeKB = :Round($Asset.Length / 1KB, 1)
     |                   ~~~~~~~~~~~~~~~~~~~~~~~~~~~~~~
     | Method invocation failed because [System.Object[]] does not contain a method named 'op_Division'.
:Escape: 
Line |
   3 |      $UsagePattern = :Escape($Asset.Name)
     |                      ~~~~~~~
     | The term ':Escape' is not recognized as a name of a cmdlet, function, script file, or executable program.
Check the spelling of the name, or if a path was included, verify that the path is correct and try again.
:Escape: 
Line |
   3 |      $UsagePattern = :Escape($Asset.Name)
     |                      ~~~~~~~
     | The term ':Escape' is not recognized as a name of a cmdlet, function, script file, or executable program.
Check the spelling of the name, or if a path was included, verify that the path is correct and try again.
>> TerminatingError(Select-String): "Cannot bind argument to parameter 'Pattern' because it is null."
Select-String: 
Line |
   5 |          $SourceFiles | Select-String -Pattern $UsagePattern -SimpleMa …
     |                                                ~~~~~~~~~~~~~
     | Cannot bind argument to parameter 'Pattern' because it is null.
Select-String: 
Line |
   5 |          $SourceFiles | Select-String -Pattern $UsagePattern -SimpleMa …
     |                                                ~~~~~~~~~~~~~
     | Cannot bind argument to parameter 'Pattern' because it is null.
InvalidOperation: 
Line |
  20 |          SizeKB = :Round($Asset.Length / 1KB, 1)
     |                   ~~~~~~~~~~~~~~~~~~~~~~~~~~~~~~
     | Method invocation failed because [System.Object[]] does not contain a method named 'op_Division'.
InvalidOperation: 
Line |
  20 |          SizeKB = :Round($Asset.Length / 1KB, 1)
     |                   ~~~~~~~~~~~~~~~~~~~~~~~~~~~~~~
     | Method invocation failed because [System.Object[]] does not contain a method named 'op_Division'.
:Escape: 
Line |
   3 |      $UsagePattern = :Escape($Asset.Name)
     |                      ~~~~~~~
     | The term ':Escape' is not recognized as a name of a cmdlet, function, script file, or executable program.
Check the spelling of the name, or if a path was included, verify that the path is correct and try again.
:Escape: 
Line |
   3 |      $UsagePattern = :Escape($Asset.Name)
     |                      ~~~~~~~
     | The term ':Escape' is not recognized as a name of a cmdlet, function, script file, or executable program.
Check the spelling of the name, or if a path was included, verify that the path is correct and try again.
>> TerminatingError(Select-String): "Cannot bind argument to parameter 'Pattern' because it is null."
Select-String: 
Line |
   5 |          $SourceFiles | Select-String -Pattern $UsagePattern -SimpleMa …
     |                                                ~~~~~~~~~~~~~
     | Cannot bind argument to parameter 'Pattern' because it is null.
Select-String: 
Line |
   5 |          $SourceFiles | Select-String -Pattern $UsagePattern -SimpleMa …
     |                                                ~~~~~~~~~~~~~
     | Cannot bind argument to parameter 'Pattern' because it is null.
InvalidOperation: 
Line |
  20 |          SizeKB = :Round($Asset.Length / 1KB, 1)
     |                   ~~~~~~~~~~~~~~~~~~~~~~~~~~~~~~
     | Method invocation failed because [System.Object[]] does not contain a method named 'op_Division'.
InvalidOperation: 
Line |
  20 |          SizeKB = :Round($Asset.Length / 1KB, 1)
     |                   ~~~~~~~~~~~~~~~~~~~~~~~~~~~~~~
     | Method invocation failed because [System.Object[]] does not contain a method named 'op_Division'.
:Escape: 
Line |
   3 |      $UsagePattern = :Escape($Asset.Name)
     |                      ~~~~~~~
     | The term ':Escape' is not recognized as a name of a cmdlet, function, script file, or executable program.
Check the spelling of the name, or if a path was included, verify that the path is correct and try again.
:Escape: 
Line |
   3 |      $UsagePattern = :Escape($Asset.Name)
     |                      ~~~~~~~
     | The term ':Escape' is not recognized as a name of a cmdlet, function, script file, or executable program.
Check the spelling of the name, or if a path was included, verify that the path is correct and try again.
>> TerminatingError(Select-String): "Cannot bind argument to parameter 'Pattern' because it is null."
Select-String: 
Line |
   5 |          $SourceFiles | Select-String -Pattern $UsagePattern -SimpleMa …
     |                                                ~~~~~~~~~~~~~
     | Cannot bind argument to parameter 'Pattern' because it is null.
Select-String: 
Line |
   5 |          $SourceFiles | Select-String -Pattern $UsagePattern -SimpleMa …
     |                                                ~~~~~~~~~~~~~
     | Cannot bind argument to parameter 'Pattern' because it is null.
InvalidOperation: 
Line |
  20 |          SizeKB = :Round($Asset.Length / 1KB, 1)
     |                   ~~~~~~~~~~~~~~~~~~~~~~~~~~~~~~
     | Method invocation failed because [System.Object[]] does not contain a method named 'op_Division'.
InvalidOperation: 
Line |
  20 |          SizeKB = :Round($Asset.Length / 1KB, 1)
     |                   ~~~~~~~~~~~~~~~~~~~~~~~~~~~~~~
     | Method invocation failed because [System.Object[]] does not contain a method named 'op_Division'.
:Escape: 
Line |
   3 |      $UsagePattern = :Escape($Asset.Name)
     |                      ~~~~~~~
     | The term ':Escape' is not recognized as a name of a cmdlet, function, script file, or executable program.
Check the spelling of the name, or if a path was included, verify that the path is correct and try again.
:Escape: 
Line |
   3 |      $UsagePattern = :Escape($Asset.Name)
     |                      ~~~~~~~
     | The term ':Escape' is not recognized as a name of a cmdlet, function, script file, or executable program.
Check the spelling of the name, or if a path was included, verify that the path is correct and try again.
>> TerminatingError(Select-String): "Cannot bind argument to parameter 'Pattern' because it is null."
Select-String: 
Line |
   5 |          $SourceFiles | Select-String -Pattern $UsagePattern -SimpleMa …
     |                                                ~~~~~~~~~~~~~
     | Cannot bind argument to parameter 'Pattern' because it is null.
Select-String: 
Line |
   5 |          $SourceFiles | Select-String -Pattern $UsagePattern -SimpleMa …
     |                                                ~~~~~~~~~~~~~
     | Cannot bind argument to parameter 'Pattern' because it is null.
InvalidOperation: 
Line |
  20 |          SizeKB = :Round($Asset.Length / 1KB, 1)
     |                   ~~~~~~~~~~~~~~~~~~~~~~~~~~~~~~
     | Method invocation failed because [System.Object[]] does not contain a method named 'op_Division'.
InvalidOperation: 
Line |
  20 |          SizeKB = :Round($Asset.Length / 1KB, 1)
     |                   ~~~~~~~~~~~~~~~~~~~~~~~~~~~~~~
     | Method invocation failed because [System.Object[]] does not contain a method named 'op_Division'.
:Escape: 
Line |
   3 |      $UsagePattern = :Escape($Asset.Name)
     |                      ~~~~~~~
     | The term ':Escape' is not recognized as a name of a cmdlet, function, script file, or executable program.
Check the spelling of the name, or if a path was included, verify that the path is correct and try again.
:Escape: 
Line |
   3 |      $UsagePattern = :Escape($Asset.Name)
     |                      ~~~~~~~
     | The term ':Escape' is not recognized as a name of a cmdlet, function, script file, or executable program.
Check the spelling of the name, or if a path was included, verify that the path is correct and try again.
>> TerminatingError(Select-String): "Cannot bind argument to parameter 'Pattern' because it is null."
Select-String: 
Line |
   5 |          $SourceFiles | Select-String -Pattern $UsagePattern -SimpleMa …
     |                                                ~~~~~~~~~~~~~
     | Cannot bind argument to parameter 'Pattern' because it is null.
Select-String: 
Line |
   5 |          $SourceFiles | Select-String -Pattern $UsagePattern -SimpleMa …
     |                                                ~~~~~~~~~~~~~
     | Cannot bind argument to parameter 'Pattern' because it is null.
InvalidOperation: 
Line |
  20 |          SizeKB = :Round($Asset.Length / 1KB, 1)
     |                   ~~~~~~~~~~~~~~~~~~~~~~~~~~~~~~
     | Method invocation failed because [System.Object[]] does not contain a method named 'op_Division'.
InvalidOperation: 
Line |
  20 |          SizeKB = :Round($Asset.Length / 1KB, 1)
     |                   ~~~~~~~~~~~~~~~~~~~~~~~~~~~~~~
     | Method invocation failed because [System.Object[]] does not contain a method named 'op_Division'.
:Escape: 
Line |
   3 |      $UsagePattern = :Escape($Asset.Name)
     |                      ~~~~~~~
     | The term ':Escape' is not recognized as a name of a cmdlet, function, script file, or executable program.
Check the spelling of the name, or if a path was included, verify that the path is correct and try again.
:Escape: 
Line |
   3 |      $UsagePattern = :Escape($Asset.Name)
     |                      ~~~~~~~
     | The term ':Escape' is not recognized as a name of a cmdlet, function, script file, or executable program.
Check the spelling of the name, or if a path was included, verify that the path is correct and try again.
>> TerminatingError(Select-String): "Cannot bind argument to parameter 'Pattern' because it is null."
Select-String: 
Line |
   5 |          $SourceFiles | Select-String -Pattern $UsagePattern -SimpleMa …
     |                                                ~~~~~~~~~~~~~
     | Cannot bind argument to parameter 'Pattern' because it is null.
Select-String: 
Line |
   5 |          $SourceFiles | Select-String -Pattern $UsagePattern -SimpleMa …
     |                                                ~~~~~~~~~~~~~
     | Cannot bind argument to parameter 'Pattern' because it is null.
InvalidOperation: 
Line |
  20 |          SizeKB = :Round($Asset.Length / 1KB, 1)
     |                   ~~~~~~~~~~~~~~~~~~~~~~~~~~~~~~
     | Method invocation failed because [System.Object[]] does not contain a method named 'op_Division'.
InvalidOperation: 
Line |
  20 |          SizeKB = :Round($Asset.Length / 1KB, 1)
     |                   ~~~~~~~~~~~~~~~~~~~~~~~~~~~~~~
     | Method invocation failed because [System.Object[]] does not contain a method named 'op_Division'.
:Escape: 
Line |
   3 |      $UsagePattern = :Escape($Asset.Name)
     |                      ~~~~~~~
     | The term ':Escape' is not recognized as a name of a cmdlet, function, script file, or executable program.
Check the spelling of the name, or if a path was included, verify that the path is correct and try again.
:Escape: 
Line |
   3 |      $UsagePattern = :Escape($Asset.Name)
     |                      ~~~~~~~
     | The term ':Escape' is not recognized as a name of a cmdlet, function, script file, or executable program.
Check the spelling of the name, or if a path was included, verify that the path is correct and try again.
>> TerminatingError(Select-String): "Cannot bind argument to parameter 'Pattern' because it is null."
Select-String: 
Line |
   5 |          $SourceFiles | Select-String -Pattern $UsagePattern -SimpleMa …
     |                                                ~~~~~~~~~~~~~
     | Cannot bind argument to parameter 'Pattern' because it is null.
Select-String: 
Line |
   5 |          $SourceFiles | Select-String -Pattern $UsagePattern -SimpleMa …
     |                                                ~~~~~~~~~~~~~
     | Cannot bind argument to parameter 'Pattern' because it is null.
InvalidOperation: 
Line |
  20 |          SizeKB = :Round($Asset.Length / 1KB, 1)
     |                   ~~~~~~~~~~~~~~~~~~~~~~~~~~~~~~
     | Method invocation failed because [System.Object[]] does not contain a method named 'op_Division'.
InvalidOperation: 
Line |
  20 |          SizeKB = :Round($Asset.Length / 1KB, 1)
     |                   ~~~~~~~~~~~~~~~~~~~~~~~~~~~~~~
     | Method invocation failed because [System.Object[]] does not contain a method named 'op_Division'.
:Escape: 
Line |
   3 |      $UsagePattern = :Escape($Asset.Name)
     |                      ~~~~~~~
     | The term ':Escape' is not recognized as a name of a cmdlet, function, script file, or executable program.
Check the spelling of the name, or if a path was included, verify that the path is correct and try again.
:Escape: 
Line |
   3 |      $UsagePattern = :Escape($Asset.Name)
     |                      ~~~~~~~
     | The term ':Escape' is not recognized as a name of a cmdlet, function, script file, or executable program.
Check the spelling of the name, or if a path was included, verify that the path is correct and try again.
>> TerminatingError(Select-String): "Cannot bind argument to parameter 'Pattern' because it is null."
Select-String: 
Line |
   5 |          $SourceFiles | Select-String -Pattern $UsagePattern -SimpleMa …
     |                                                ~~~~~~~~~~~~~
     | Cannot bind argument to parameter 'Pattern' because it is null.
Select-String: 
Line |
   5 |          $SourceFiles | Select-String -Pattern $UsagePattern -SimpleMa …
     |                                                ~~~~~~~~~~~~~
     | Cannot bind argument to parameter 'Pattern' because it is null.
InvalidOperation: 
Line |
  20 |          SizeKB = :Round($Asset.Length / 1KB, 1)
     |                   ~~~~~~~~~~~~~~~~~~~~~~~~~~~~~~
     | Method invocation failed because [System.Object[]] does not contain a method named 'op_Division'.
InvalidOperation: 
Line |
  20 |          SizeKB = :Round($Asset.Length / 1KB, 1)
     |                   ~~~~~~~~~~~~~~~~~~~~~~~~~~~~~~
     | Method invocation failed because [System.Object[]] does not contain a method named 'op_Division'.
:Escape: 
Line |
   3 |      $UsagePattern = :Escape($Asset.Name)
     |                      ~~~~~~~
     | The term ':Escape' is not recognized as a name of a cmdlet, function, script file, or executable program.
Check the spelling of the name, or if a path was included, verify that the path is correct and try again.
:Escape: 
Line |
   3 |      $UsagePattern = :Escape($Asset.Name)
     |                      ~~~~~~~
     | The term ':Escape' is not recognized as a name of a cmdlet, function, script file, or executable program.
Check the spelling of the name, or if a path was included, verify that the path is correct and try again.
>> TerminatingError(Select-String): "Cannot bind argument to parameter 'Pattern' because it is null."
Select-String: 
Line |
   5 |          $SourceFiles | Select-String -Pattern $UsagePattern -SimpleMa …
     |                                                ~~~~~~~~~~~~~
     | Cannot bind argument to parameter 'Pattern' because it is null.
Select-String: 
Line |
   5 |          $SourceFiles | Select-String -Pattern $UsagePattern -SimpleMa …
     |                                                ~~~~~~~~~~~~~
     | Cannot bind argument to parameter 'Pattern' because it is null.
InvalidOperation: 
Line |
  20 |          SizeKB = :Round($Asset.Length / 1KB, 1)
     |                   ~~~~~~~~~~~~~~~~~~~~~~~~~~~~~~
     | Method invocation failed because [System.Object[]] does not contain a method named 'op_Division'.
InvalidOperation: 
Line |
  20 |          SizeKB = :Round($Asset.Length / 1KB, 1)
     |                   ~~~~~~~~~~~~~~~~~~~~~~~~~~~~~~
     | Method invocation failed because [System.Object[]] does not contain a method named 'op_Division'.
:Escape: 
Line |
   3 |      $UsagePattern = :Escape($Asset.Name)
     |                      ~~~~~~~
     | The term ':Escape' is not recognized as a name of a cmdlet, function, script file, or executable program.
Check the spelling of the name, or if a path was included, verify that the path is correct and try again.
:Escape: 
Line |
   3 |      $UsagePattern = :Escape($Asset.Name)
     |                      ~~~~~~~
     | The term ':Escape' is not recognized as a name of a cmdlet, function, script file, or executable program.
Check the spelling of the name, or if a path was included, verify that the path is correct and try again.
>> TerminatingError(Select-String): "Cannot bind argument to parameter 'Pattern' because it is null."
Select-String: 
Line |
   5 |          $SourceFiles | Select-String -Pattern $UsagePattern -SimpleMa …
     |                                                ~~~~~~~~~~~~~
     | Cannot bind argument to parameter 'Pattern' because it is null.
Select-String: 
Line |
   5 |          $SourceFiles | Select-String -Pattern $UsagePattern -SimpleMa …
     |                                                ~~~~~~~~~~~~~
     | Cannot bind argument to parameter 'Pattern' because it is null.
InvalidOperation: 
Line |
  20 |          SizeKB = :Round($Asset.Length / 1KB, 1)
     |                   ~~~~~~~~~~~~~~~~~~~~~~~~~~~~~~
     | Method invocation failed because [System.Object[]] does not contain a method named 'op_Division'.
InvalidOperation: 
Line |
  20 |          SizeKB = :Round($Asset.Length / 1KB, 1)
     |                   ~~~~~~~~~~~~~~~~~~~~~~~~~~~~~~
     | Method invocation failed because [System.Object[]] does not contain a method named 'op_Division'.
:Escape: 
Line |
   3 |      $UsagePattern = :Escape($Asset.Name)
     |                      ~~~~~~~
     | The term ':Escape' is not recognized as a name of a cmdlet, function, script file, or executable program.
Check the spelling of the name, or if a path was included, verify that the path is correct and try again.
:Escape: 
Line |
   3 |      $UsagePattern = :Escape($Asset.Name)
     |                      ~~~~~~~
     | The term ':Escape' is not recognized as a name of a cmdlet, function, script file, or executable program.
Check the spelling of the name, or if a path was included, verify that the path is correct and try again.
>> TerminatingError(Select-String): "Cannot bind argument to parameter 'Pattern' because it is null."
Select-String: 
Line |
   5 |          $SourceFiles | Select-String -Pattern $UsagePattern -SimpleMa …
     |                                                ~~~~~~~~~~~~~
     | Cannot bind argument to parameter 'Pattern' because it is null.
Select-String: 
Line |
   5 |          $SourceFiles | Select-String -Pattern $UsagePattern -SimpleMa …
     |                                                ~~~~~~~~~~~~~
     | Cannot bind argument to parameter 'Pattern' because it is null.
InvalidOperation: 
Line |
  20 |          SizeKB = :Round($Asset.Length / 1KB, 1)
     |                   ~~~~~~~~~~~~~~~~~~~~~~~~~~~~~~
     | Method invocation failed because [System.Object[]] does not contain a method named 'op_Division'.
InvalidOperation: 
Line |
  20 |          SizeKB = :Round($Asset.Length / 1KB, 1)
     |                   ~~~~~~~~~~~~~~~~~~~~~~~~~~~~~~
     | Method invocation failed because [System.Object[]] does not contain a method named 'op_Division'.
:Escape: 
Line |
   3 |      $UsagePattern = :Escape($Asset.Name)
     |                      ~~~~~~~
     | The term ':Escape' is not recognized as a name of a cmdlet, function, script file, or executable program.
Check the spelling of the name, or if a path was included, verify that the path is correct and try again.
:Escape: 
Line |
   3 |      $UsagePattern = :Escape($Asset.Name)
     |                      ~~~~~~~
     | The term ':Escape' is not recognized as a name of a cmdlet, function, script file, or executable program.
Check the spelling of the name, or if a path was included, verify that the path is correct and try again.
>> TerminatingError(Select-String): "Cannot bind argument to parameter 'Pattern' because it is null."
Select-String: 
Line |
   5 |          $SourceFiles | Select-String -Pattern $UsagePattern -SimpleMa …
     |                                                ~~~~~~~~~~~~~
     | Cannot bind argument to parameter 'Pattern' because it is null.
Select-String: 
Line |
   5 |          $SourceFiles | Select-String -Pattern $UsagePattern -SimpleMa …
     |                                                ~~~~~~~~~~~~~
     | Cannot bind argument to parameter 'Pattern' because it is null.
InvalidOperation: 
Line |
  20 |          SizeKB = :Round($Asset.Length / 1KB, 1)
     |                   ~~~~~~~~~~~~~~~~~~~~~~~~~~~~~~
     | Method invocation failed because [System.Object[]] does not contain a method named 'op_Division'.
InvalidOperation: 
Line |
  20 |          SizeKB = :Round($Asset.Length / 1KB, 1)
     |                   ~~~~~~~~~~~~~~~~~~~~~~~~~~~~~~
     | Method invocation failed because [System.Object[]] does not contain a method named 'op_Division'.
PS C:\Users\James\Development\platform> Add-Section $AssetFile "Discovered Visual Assets" @(
    "| Public path | Size KB | Classification | Source references found |",
    "|---|---:|---|---:|",
    $(
        $AssetRows | ForEach-Object {
            "| ``$($_.Asset)`` | $($_.SizeKB) | $($_.Type) | $($_.References) |"
        }
    )
)
>> CommandInvocation(Out-Null): "Out-Null"
PS C:\Users\James\Development\platform> $DuplicateAssets = @(
    $Assets |
        Get-FileHash -Algorithm SHA256 |
        Group-Object Hash |
        Where-Object Count -gt 1
)
PS C:\Users\James\Development\platform> $DuplicateLines = @()
PS C:\Users\James\Development\platform> foreach ($Group in $DuplicateAssets) {
    $DuplicateLines += "`n### Duplicate hash ``$($Group.Name)``"
    $DuplicateLines += $Group.Group |
        ForEach-Object { "- ``$($_.Path.Substring($Root.Length + 1))``" }
}
PS C:\Users\James\Development\platform> Add-Section $AssetFile "Byte-Identical Duplicate Assets" $DuplicateLines
PS C:\Users\James\Development\platform> # ------------------------------------------------------------
PS C:\Users\James\Development\platform> # Manifest audit
PS C:\Users\James\Development\platform> # ------------------------------------------------------------
PS C:\Users\James\Development\platform> Write-Heading -Path $ManifestFile -Title "Manifest Audit"
PS C:\Users\James\Development\platform> $ManifestFiles = @(
    $AllFiles | Where-Object {
        $_.Name -match "(?i)manifest" -and $_.Extension -in @(".json", ".ts", ".md")
    }
)
PS C:\Users\James\Development\platform> $ManifestRows = @()
PS C:\Users\James\Development\platform> foreach ($Manifest in ($ManifestFiles | Sort-Object FullName)) {
    $JsonStatus = "Not JSON"

    if ($Manifest.Extension -eq ".json") {
        try {
            Get-Content $Manifest.FullName -Raw | ConvertFrom-Json | Out-Null
            $JsonStatus = "✅ Valid JSON"
        }
        catch {
            $JsonStatus = "❌ Invalid JSON"
        }
    }

    $ManifestRows += [pscustomobject]@{
        File = $Manifest.FullName.Substring($Root.Length + 1)
        Size = $Manifest.Length
        Validation = $JsonStatus
    }
}
PS C:\Users\James\Development\platform> Add-Section $ManifestFile "Discovered Manifests" @(
    "| Manifest | Bytes | Basic validation |",
    "|---|---:|---|",
    $(
        $ManifestRows | ForEach-Object {
            "| ``$($_.File)`` | $($_.Size) | $($_.Validation) |"
        }
    )
)
PS C:\Users\James\Development\platform> $ExpectedManifests = @(
    "domains.manifest.json",
    "programs.manifest.json",
    "doctrine.manifest.json",
    "assets.manifest.json",
    "agents.manifest.json",
    "journeys.manifest.json",
    "participants.manifest.json"
)
PS C:\Users\James\Development\platform> $ExpectedManifestLines = foreach ($Name in $ExpectedManifests) {
    $Found = @($ManifestFiles | Where-Object Name -eq $Name)
    if ($Found.Count -gt 0) {
        "- ✅ ``$Name`` found at ``$($Found[0].FullName.Substring($Root.Length + 1))``"
    }
    else {
        "- ❌ ``$Name`` not found"
    }
}
PS C:\Users\James\Development\platform> Add-Section $ManifestFile "Expected Governance Manifests" $ExpectedManifestLines
PS C:\Users\James\Development\platform> # ------------------------------------------------------------
PS C:\Users\James\Development\platform> # Placeholder, stub, TODO and hardcoded-demo audit
PS C:\Users\James\Development\platform> # ------------------------------------------------------------
PS C:\Users\James\Development\platform> Write-Heading -Path $PlaceholderFile -Title "Placeholder and Stub Audit"
PS C:\Users\James\Development\platform> $PlaceholderPatterns = @(
    "TODO",
    "FIXME",
    "HACK",
    "placeholder",
    "not implemented",
    "coming soon",
    "mock data",
    "sample data",
    "demo data",
    "lorem ipsum"
)
PS C:\Users\James\Development\platform> $PlaceholderMatches = @()
PS C:\Users\James\Development\platform> foreach ($Pattern in $PlaceholderPatterns) {
    $Matches = @(
        $SourceFiles |
            Select-String -Pattern $Pattern -SimpleMatch -CaseSensitive:$false -ErrorAction SilentlyContinue
    )

    foreach ($Match in $Matches) {
        $PlaceholderMatches += [pscustomobject]@{
            Pattern = $Pattern
            File = $Match.Path.Substring($Root.Length + 1)
            Line = $Match.LineNumber
            Preview = ($Match.Line.Trim() -replace "\|", "\/")
        }
    }
}
PS C:\Users\James\Development\platform> Add-Section $PlaceholderFile "Detected Markers" @(
    "| Marker | File | Line | Preview |",
    "|---|---|---:|---|",
    $(
        $PlaceholderMatches |
            Sort-Object File, Line |
            ForEach-Object {
                $Preview = $_.Preview
                if ($Preview.Length -gt 140) {
                    $Preview = $Preview.Substring(0, 140) + "..."
                }
                "| ``$($_.Pattern)`` | ``$($_.File)`` | $($_.Line) | $Preview |"
            }
    )
)
PS C:\Users\James\Development\platform> # ------------------------------------------------------------
PS C:\Users\James\Development\platform> # Security-oriented filename and dependency audit
PS C:\Users\James\Development\platform> # Values are never printed.
PS C:\Users\James\Development\platform> # ------------------------------------------------------------
PS C:\Users\James\Development\platform> Write-Heading -Path $SecurityFile -Title "Security Audit"
PS C:\Users\James\Development\platform> $SensitiveFilePatterns = @(
    ".env",
    ".env.local",
    ".env.production",
    "id_rsa",
    "id_ed25519",
    "*.pem",
    "*.pfx",
    "*.p12",
    "credentials.json",
    "service-account.json"
)
PS C:\Users\James\Development\platform> $SensitiveFiles = @()
PS C:\Users\James\Development\platform> foreach ($Pattern in $SensitiveFilePatterns) {
    $SensitiveFiles += Get-ChildItem -Path $Root -Recurse -File -Force -Filter $Pattern -ErrorAction SilentlyContinue |
        Where-Object { $_.FullName -notmatch "\\(node_modules|\.next|\.git)\\" }
}
PS C:\Users\James\Development\platform> $SensitiveLines = if ($SensitiveFiles.Count -gt 0) {
    $SensitiveFiles |
        Sort-Object FullName -Unique |
        ForEach-Object {
            "- ⚠️ Review file protection and Git tracking: ``$($_.FullName.Substring($Root.Length + 1))``"
        }
}
PS C:\Users\James\Development\platform> else {
    @("- ✅ No common sensitive filenames were discovered outside excluded directories.")
}
else: The term 'else' is not recognized as a name of a cmdlet, function, script file, or executable program.
Check the spelling of the name, or if a path was included, verify that the path is correct and try again.
else: The term 'else' is not recognized as a name of a cmdlet, function, script file, or executable program.
Check the spelling of the name, or if a path was included, verify that the path is correct and try again.
PS C:\Users\James\Development\platform> CommandInvocation(Get-Command): "Get-Command"
>> ParameterBinding(Get-Command): name="UseFuzzyMatching"; value="True"
>> ParameterBinding(Get-Command): name="FuzzyMinimumDistance"; value="1"
>> ParameterBinding(Get-Command): name="Name"; value="else"
>> CommandInvocation(Select-Object): "Select-Object"
>> ParameterBinding(Select-Object): name="First"; value="5"
>> ParameterBinding(Select-Object): name="Unique"; value="True"
>> ParameterBinding(Select-Object): name="ExpandProperty"; value="Name"
PS C:\Users\James\Development\platform> Add-Section $SecurityFile "Sensitive Filename Review" $SensitiveLines
PS C:\Users\James\Development\platform> Add-Section $SecurityFile "Important Limitation" @(
    "This scan reports filenames only. It does not print or validate secret values.",
    "A clean result does not replace authentication, authorization, privacy, penetration, or participant-data reviews."
)
PS C:\Users\James\Development\platform> $CommandResults = @()
PS C:\Users\James\Development\platform> if (Get-Command npm -ErrorAction SilentlyContinue) {
    $CommandResults += Invoke-AuditCommand "npm-audit" {
        npm audit --audit-level=moderate
    }
}
:Round: 
Line |
  21 |      $Duration = :Round(($Ended - $Started).TotalSeconds, 2)
     |                  ~~~~~~
     | The term ':Round' is not recognized as a name of a cmdlet, function, script file, or executable program.
Check the spelling of the name, or if a path was included, verify that the path is correct and try again.
:Round: 
Line |
  21 |      $Duration = :Round(($Ended - $Started).TotalSeconds, 2)
     |                  ~~~~~~
     | The term ':Round' is not recognized as a name of a cmdlet, function, script file, or executable program.
Check the spelling of the name, or if a path was included, verify that the path is correct and try again.
PS C:\Users\James\Development\platform> else {
    Add-Section $SecurityFile "Dependency Audit" @("❌ npm is unavailable.")
}
else: The term 'else' is not recognized as a name of a cmdlet, function, script file, or executable program.
Check the spelling of the name, or if a path was included, verify that the path is correct and try again.
else: The term 'else' is not recognized as a name of a cmdlet, function, script file, or executable program.
Check the spelling of the name, or if a path was included, verify that the path is correct and try again.
PS C:\Users\James\Development\platform> CommandInvocation(Get-Command): "Get-Command"
>> ParameterBinding(Get-Command): name="UseFuzzyMatching"; value="True"
>> ParameterBinding(Get-Command): name="FuzzyMinimumDistance"; value="1"
>> ParameterBinding(Get-Command): name="Name"; value="else"
>> CommandInvocation(Select-Object): "Select-Object"
>> ParameterBinding(Select-Object): name="First"; value="5"
>> ParameterBinding(Select-Object): name="Unique"; value="True"
>> ParameterBinding(Select-Object): name="ExpandProperty"; value="Name"
PS C:\Users\James\Development\platform> # ------------------------------------------------------------
PS C:\Users\James\Development\platform> # Build, type-check, lint and tests
PS C:\Users\James\Development\platform> # ------------------------------------------------------------
PS C:\Users\James\Development\platform> Write-Heading -Path $BuildFile -Title "Build Verification"
PS C:\Users\James\Development\platform> if (Get-Command npm -ErrorAction SilentlyContinue) {
    if (Test-Path $PackagePath) {
        $CommandResults += Invoke-AuditCommand "typescript" {
            npx tsc --noEmit
        }

        if ($Scripts -contains "lint") {
            $CommandResults += Invoke-AuditCommand "lint" {
                npm run lint
            }
        }

        if ($Scripts -contains "test") {
            $CommandResults += Invoke-AuditCommand "test" {
                npm test -- --runInBand
            }
        }

        if ($Scripts -contains "build") {
            $CommandResults += Invoke-AuditCommand "production-build" {
                npm run build
            }
        }
    }
}
:Round: 
Line |
  21 |      $Duration = :Round(($Ended - $Started).TotalSeconds, 2)
     |                  ~~~~~~
     | The term ':Round' is not recognized as a name of a cmdlet, function, script file, or executable program.
Check the spelling of the name, or if a path was included, verify that the path is correct and try again.
:Round: 
Line |
  21 |      $Duration = :Round(($Ended - $Started).TotalSeconds, 2)
     |                  ~~~~~~
     | The term ':Round' is not recognized as a name of a cmdlet, function, script file, or executable program.
Check the spelling of the name, or if a path was included, verify that the path is correct and try again.
:Round: 
Line |
  21 |      $Duration = :Round(($Ended - $Started).TotalSeconds, 2)
     |                  ~~~~~~
     | The term ':Round' is not recognized as a name of a cmdlet, function, script file, or executable program.
Check the spelling of the name, or if a path was included, verify that the path is correct and try again.
:Round: 
Line |
  21 |      $Duration = :Round(($Ended - $Started).TotalSeconds, 2)
     |                  ~~~~~~
     | The term ':Round' is not recognized as a name of a cmdlet, function, script file, or executable program.
Check the spelling of the name, or if a path was included, verify that the path is correct and try again.
:Round: 
Line |
  21 |      $Duration = :Round(($Ended - $Started).TotalSeconds, 2)
     |                  ~~~~~~
     | The term ':Round' is not recognized as a name of a cmdlet, function, script file, or executable program.
Check the spelling of the name, or if a path was included, verify that the path is correct and try again.
:Round: 
Line |
  21 |      $Duration = :Round(($Ended - $Started).TotalSeconds, 2)
     |                  ~~~~~~
     | The term ':Round' is not recognized as a name of a cmdlet, function, script file, or executable program.
Check the spelling of the name, or if a path was included, verify that the path is correct and try again.
PS C:\Users\James\Development\platform> else {
    Add-Section $BuildFile "Result" @("❌ npm was not found in PATH.")
}
else: The term 'else' is not recognized as a name of a cmdlet, function, script file, or executable program.
Check the spelling of the name, or if a path was included, verify that the path is correct and try again.
else: The term 'else' is not recognized as a name of a cmdlet, function, script file, or executable program.
Check the spelling of the name, or if a path was included, verify that the path is correct and try again.
PS C:\Users\James\Development\platform> CommandInvocation(Get-Command): "Get-Command"
>> ParameterBinding(Get-Command): name="UseFuzzyMatching"; value="True"
>> ParameterBinding(Get-Command): name="FuzzyMinimumDistance"; value="1"
>> ParameterBinding(Get-Command): name="Name"; value="else"
>> CommandInvocation(Select-Object): "Select-Object"
>> ParameterBinding(Select-Object): name="First"; value="5"
>> ParameterBinding(Select-Object): name="Unique"; value="True"
>> ParameterBinding(Select-Object): name="ExpandProperty"; value="Name"
PS C:\Users\James\Development\platform> $BuildRows = $CommandResults | Where-Object {
    $_.Name -in @("typescript", "lint", "test", "production-build")
}
PS C:\Users\James\Development\platform> Add-Section $BuildFile "Verification Results" @(
    "| Check | Result | Exit code | Duration | Log |",
    "|---|---|---:|---:|---|",
    $(
        $BuildRows | ForEach-Object {
            $Result = if ($_.Passed) { "✅ Passed" } else { "❌ Failed" }
            $RelativeLog = $_.Log.Substring($Root.Length + 1)
            "| $($_.Name) | $Result | $($_.ExitCode) | $($_.DurationSeconds)s | ``$RelativeLog`` |"
        }
    )
)
PS C:\Users\James\Development\platform> $SkippedChecks = @()
PS C:\Users\James\Development\platform> foreach ($ExpectedScript in @("lint", "test", "build")) {
    if ($Scripts -notcontains $ExpectedScript) {
        $SkippedChecks += "- ⚠️ No ``$ExpectedScript`` script was found in ``package.json``."
    }
}
PS C:\Users\James\Development\platform> Add-Section $BuildFile "Unavailable or Skipped Checks" $SkippedChecks
PS C:\Users\James\Development\platform> # ------------------------------------------------------------
PS C:\Users\James\Development\platform> # Known issues
PS C:\Users\James\Development\platform> # ------------------------------------------------------------
PS C:\Users\James\Development\platform> Write-Heading -Path $IssuesFile -Title "Known Issues and Required Human Review"
PS C:\Users\James\Development\platform> $IssueLines = @()
PS C:\Users\James\Development\platform> $FailedCommands = @($CommandResults | Where-Object { -not $_.Passed })
PS C:\Users\James\Development\platform> foreach ($Failure in $FailedCommands) {
    $IssueLines += "- ❌ ``$($Failure.Name)`` failed with exit code $($Failure.ExitCode). Review ``$($Failure.Log.Substring($Root.Length + 1))``."
}
InvalidOperation: 
Line |
   2 |  … e.ExitCode). Review ``$($Failure.Log.Substring($Root.Length + 1))``."
     |                            ~~~~~~~~~~~~~~~~~~~~~~~~~~~~~~~~~~~~~~~~
     | You cannot call a method on a null-valued expression.
InvalidOperation: 
Line |
   2 |  … e.ExitCode). Review ``$($Failure.Log.Substring($Root.Length + 1))``."
     |                            ~~~~~~~~~~~~~~~~~~~~~~~~~~~~~~~~~~~~~~~~
     | You cannot call a method on a null-valued expression.
InvalidOperation: 
Line |
   2 |  … e.ExitCode). Review ``$($Failure.Log.Substring($Root.Length + 1))``."
     |                            ~~~~~~~~~~~~~~~~~~~~~~~~~~~~~~~~~~~~~~~~
     | You cannot call a method on a null-valued expression.
InvalidOperation: 
Line |
   2 |  … e.ExitCode). Review ``$($Failure.Log.Substring($Root.Length + 1))``."
     |                            ~~~~~~~~~~~~~~~~~~~~~~~~~~~~~~~~~~~~~~~~
     | You cannot call a method on a null-valued expression.
InvalidOperation: 
Line |
   2 |  … e.ExitCode). Review ``$($Failure.Log.Substring($Root.Length + 1))``."
     |                            ~~~~~~~~~~~~~~~~~~~~~~~~~~~~~~~~~~~~~~~~
     | You cannot call a method on a null-valued expression.
InvalidOperation: 
Line |
   2 |  … e.ExitCode). Review ``$($Failure.Log.Substring($Root.Length + 1))``."
     |                            ~~~~~~~~~~~~~~~~~~~~~~~~~~~~~~~~~~~~~~~~
     | You cannot call a method on a null-valued expression.
InvalidOperation: 
Line |
   2 |  … e.ExitCode). Review ``$($Failure.Log.Substring($Root.Length + 1))``."
     |                            ~~~~~~~~~~~~~~~~~~~~~~~~~~~~~~~~~~~~~~~~
     | You cannot call a method on a null-valued expression.
InvalidOperation: 
Line |
   2 |  … e.ExitCode). Review ``$($Failure.Log.Substring($Root.Length + 1))``."
     |                            ~~~~~~~~~~~~~~~~~~~~~~~~~~~~~~~~~~~~~~~~
     | You cannot call a method on a null-valued expression.
InvalidOperation: 
Line |
   2 |  … e.ExitCode). Review ``$($Failure.Log.Substring($Root.Length + 1))``."
     |                            ~~~~~~~~~~~~~~~~~~~~~~~~~~~~~~~~~~~~~~~~
     | You cannot call a method on a null-valued expression.
InvalidOperation: 
Line |
   2 |  … e.ExitCode). Review ``$($Failure.Log.Substring($Root.Length + 1))``."
     |                            ~~~~~~~~~~~~~~~~~~~~~~~~~~~~~~~~~~~~~~~~
     | You cannot call a method on a null-valued expression.
InvalidOperation: 
Line |
   2 |  … e.ExitCode). Review ``$($Failure.Log.Substring($Root.Length + 1))``."
     |                            ~~~~~~~~~~~~~~~~~~~~~~~~~~~~~~~~~~~~~~~~
     | You cannot call a method on a null-valued expression.
InvalidOperation: 
Line |
   2 |  … e.ExitCode). Review ``$($Failure.Log.Substring($Root.Length + 1))``."
     |                            ~~~~~~~~~~~~~~~~~~~~~~~~~~~~~~~~~~~~~~~~
     | You cannot call a method on a null-valued expression.
InvalidOperation: 
Line |
   2 |  … e.ExitCode). Review ``$($Failure.Log.Substring($Root.Length + 1))``."
     |                            ~~~~~~~~~~~~~~~~~~~~~~~~~~~~~~~~~~~~~~~~
     | You cannot call a method on a null-valued expression.
InvalidOperation: 
Line |
   2 |  … e.ExitCode). Review ``$($Failure.Log.Substring($Root.Length + 1))``."
     |                            ~~~~~~~~~~~~~~~~~~~~~~~~~~~~~~~~~~~~~~~~
     | You cannot call a method on a null-valued expression.
InvalidOperation: 
Line |
   2 |  … e.ExitCode). Review ``$($Failure.Log.Substring($Root.Length + 1))``."
     |                            ~~~~~~~~~~~~~~~~~~~~~~~~~~~~~~~~~~~~~~~~
     | You cannot call a method on a null-valued expression.
InvalidOperation: 
Line |
   2 |  … e.ExitCode). Review ``$($Failure.Log.Substring($Root.Length + 1))``."
     |                            ~~~~~~~~~~~~~~~~~~~~~~~~~~~~~~~~~~~~~~~~
     | You cannot call a method on a null-valued expression.
InvalidOperation: 
Line |
   2 |  … e.ExitCode). Review ``$($Failure.Log.Substring($Root.Length + 1))``."
     |                            ~~~~~~~~~~~~~~~~~~~~~~~~~~~~~~~~~~~~~~~~
     | You cannot call a method on a null-valued expression.
InvalidOperation: 
Line |
   2 |  … e.ExitCode). Review ``$($Failure.Log.Substring($Root.Length + 1))``."
     |                            ~~~~~~~~~~~~~~~~~~~~~~~~~~~~~~~~~~~~~~~~
     | You cannot call a method on a null-valued expression.
InvalidOperation: 
Line |
   2 |  … e.ExitCode). Review ``$($Failure.Log.Substring($Root.Length + 1))``."
     |                            ~~~~~~~~~~~~~~~~~~~~~~~~~~~~~~~~~~~~~~~~
     | You cannot call a method on a null-valued expression.
InvalidOperation: 
Line |
   2 |  … e.ExitCode). Review ``$($Failure.Log.Substring($Root.Length + 1))``."
     |                            ~~~~~~~~~~~~~~~~~~~~~~~~~~~~~~~~~~~~~~~~
     | You cannot call a method on a null-valued expression.
InvalidOperation: 
Line |
   2 |  … e.ExitCode). Review ``$($Failure.Log.Substring($Root.Length + 1))``."
     |                            ~~~~~~~~~~~~~~~~~~~~~~~~~~~~~~~~~~~~~~~~
     | You cannot call a method on a null-valued expression.
InvalidOperation: 
Line |
   2 |  … e.ExitCode). Review ``$($Failure.Log.Substring($Root.Length + 1))``."
     |                            ~~~~~~~~~~~~~~~~~~~~~~~~~~~~~~~~~~~~~~~~
     | You cannot call a method on a null-valued expression.
InvalidOperation: 
Line |
   2 |  … e.ExitCode). Review ``$($Failure.Log.Substring($Root.Length + 1))``."
     |                            ~~~~~~~~~~~~~~~~~~~~~~~~~~~~~~~~~~~~~~~~
     | You cannot call a method on a null-valued expression.
InvalidOperation: 
Line |
   2 |  … e.ExitCode). Review ``$($Failure.Log.Substring($Root.Length + 1))``."
     |                            ~~~~~~~~~~~~~~~~~~~~~~~~~~~~~~~~~~~~~~~~
     | You cannot call a method on a null-valued expression.
InvalidOperation: 
Line |
   2 |  … e.ExitCode). Review ``$($Failure.Log.Substring($Root.Length + 1))``."
     |                            ~~~~~~~~~~~~~~~~~~~~~~~~~~~~~~~~~~~~~~~~
     | You cannot call a method on a null-valued expression.
InvalidOperation: 
Line |
   2 |  … e.ExitCode). Review ``$($Failure.Log.Substring($Root.Length + 1))``."
     |                            ~~~~~~~~~~~~~~~~~~~~~~~~~~~~~~~~~~~~~~~~
     | You cannot call a method on a null-valued expression.
InvalidOperation: 
Line |
   2 |  … e.ExitCode). Review ``$($Failure.Log.Substring($Root.Length + 1))``."
     |                            ~~~~~~~~~~~~~~~~~~~~~~~~~~~~~~~~~~~~~~~~
     | You cannot call a method on a null-valued expression.
InvalidOperation: 
Line |
   2 |  … e.ExitCode). Review ``$($Failure.Log.Substring($Root.Length + 1))``."
     |                            ~~~~~~~~~~~~~~~~~~~~~~~~~~~~~~~~~~~~~~~~
     | You cannot call a method on a null-valued expression.
InvalidOperation: 
Line |
   2 |  … e.ExitCode). Review ``$($Failure.Log.Substring($Root.Length + 1))``."
     |                            ~~~~~~~~~~~~~~~~~~~~~~~~~~~~~~~~~~~~~~~~
     | You cannot call a method on a null-valued expression.
InvalidOperation: 
Line |
   2 |  … e.ExitCode). Review ``$($Failure.Log.Substring($Root.Length + 1))``."
     |                            ~~~~~~~~~~~~~~~~~~~~~~~~~~~~~~~~~~~~~~~~
     | You cannot call a method on a null-valued expression.
InvalidOperation: 
Line |
   2 |  … e.ExitCode). Review ``$($Failure.Log.Substring($Root.Length + 1))``."
     |                            ~~~~~~~~~~~~~~~~~~~~~~~~~~~~~~~~~~~~~~~~
     | You cannot call a method on a null-valued expression.
InvalidOperation: 
Line |
   2 |  … e.ExitCode). Review ``$($Failure.Log.Substring($Root.Length + 1))``."
     |                            ~~~~~~~~~~~~~~~~~~~~~~~~~~~~~~~~~~~~~~~~
     | You cannot call a method on a null-valued expression.
InvalidOperation: 
Line |
   2 |  … e.ExitCode). Review ``$($Failure.Log.Substring($Root.Length + 1))``."
     |                            ~~~~~~~~~~~~~~~~~~~~~~~~~~~~~~~~~~~~~~~~
     | You cannot call a method on a null-valued expression.
InvalidOperation: 
Line |
   2 |  … e.ExitCode). Review ``$($Failure.Log.Substring($Root.Length + 1))``."
     |                            ~~~~~~~~~~~~~~~~~~~~~~~~~~~~~~~~~~~~~~~~
     | You cannot call a method on a null-valued expression.
InvalidOperation: 
Line |
   2 |  … e.ExitCode). Review ``$($Failure.Log.Substring($Root.Length + 1))``."
     |                            ~~~~~~~~~~~~~~~~~~~~~~~~~~~~~~~~~~~~~~~~
     | You cannot call a method on a null-valued expression.
InvalidOperation: 
Line |
   2 |  … e.ExitCode). Review ``$($Failure.Log.Substring($Root.Length + 1))``."
     |                            ~~~~~~~~~~~~~~~~~~~~~~~~~~~~~~~~~~~~~~~~
     | You cannot call a method on a null-valued expression.
InvalidOperation: 
Line |
   2 |  … e.ExitCode). Review ``$($Failure.Log.Substring($Root.Length + 1))``."
     |                            ~~~~~~~~~~~~~~~~~~~~~~~~~~~~~~~~~~~~~~~~
     | You cannot call a method on a null-valued expression.
InvalidOperation: 
Line |
   2 |  … e.ExitCode). Review ``$($Failure.Log.Substring($Root.Length + 1))``."
     |                            ~~~~~~~~~~~~~~~~~~~~~~~~~~~~~~~~~~~~~~~~
     | You cannot call a method on a null-valued expression.
InvalidOperation: 
Line |
   2 |  … e.ExitCode). Review ``$($Failure.Log.Substring($Root.Length + 1))``."
     |                            ~~~~~~~~~~~~~~~~~~~~~~~~~~~~~~~~~~~~~~~~
     | You cannot call a method on a null-valued expression.
InvalidOperation: 
Line |
   2 |  … e.ExitCode). Review ``$($Failure.Log.Substring($Root.Length + 1))``."
     |                            ~~~~~~~~~~~~~~~~~~~~~~~~~~~~~~~~~~~~~~~~
     | You cannot call a method on a null-valued expression.
InvalidOperation: 
Line |
   2 |  … e.ExitCode). Review ``$($Failure.Log.Substring($Root.Length + 1))``."
     |                            ~~~~~~~~~~~~~~~~~~~~~~~~~~~~~~~~~~~~~~~~
     | You cannot call a method on a null-valued expression.
InvalidOperation: 
Line |
   2 |  … e.ExitCode). Review ``$($Failure.Log.Substring($Root.Length + 1))``."
     |                            ~~~~~~~~~~~~~~~~~~~~~~~~~~~~~~~~~~~~~~~~
     | You cannot call a method on a null-valued expression.
InvalidOperation: 
Line |
   2 |  … e.ExitCode). Review ``$($Failure.Log.Substring($Root.Length + 1))``."
     |                            ~~~~~~~~~~~~~~~~~~~~~~~~~~~~~~~~~~~~~~~~
     | You cannot call a method on a null-valued expression.
InvalidOperation: 
Line |
   2 |  … e.ExitCode). Review ``$($Failure.Log.Substring($Root.Length + 1))``."
     |                            ~~~~~~~~~~~~~~~~~~~~~~~~~~~~~~~~~~~~~~~~
     | You cannot call a method on a null-valued expression.
InvalidOperation: 
Line |
   2 |  … e.ExitCode). Review ``$($Failure.Log.Substring($Root.Length + 1))``."
     |                            ~~~~~~~~~~~~~~~~~~~~~~~~~~~~~~~~~~~~~~~~
     | You cannot call a method on a null-valued expression.
InvalidOperation: 
Line |
   2 |  … e.ExitCode). Review ``$($Failure.Log.Substring($Root.Length + 1))``."
     |                            ~~~~~~~~~~~~~~~~~~~~~~~~~~~~~~~~~~~~~~~~
     | You cannot call a method on a null-valued expression.
InvalidOperation: 
Line |
   2 |  … e.ExitCode). Review ``$($Failure.Log.Substring($Root.Length + 1))``."
     |                            ~~~~~~~~~~~~~~~~~~~~~~~~~~~~~~~~~~~~~~~~
     | You cannot call a method on a null-valued expression.
InvalidOperation: 
Line |
   2 |  … e.ExitCode). Review ``$($Failure.Log.Substring($Root.Length + 1))``."
     |                            ~~~~~~~~~~~~~~~~~~~~~~~~~~~~~~~~~~~~~~~~
     | You cannot call a method on a null-valued expression.
InvalidOperation: 
Line |
   2 |  … e.ExitCode). Review ``$($Failure.Log.Substring($Root.Length + 1))``."
     |                            ~~~~~~~~~~~~~~~~~~~~~~~~~~~~~~~~~~~~~~~~
     | You cannot call a method on a null-valued expression.
InvalidOperation: 
Line |
   2 |  … e.ExitCode). Review ``$($Failure.Log.Substring($Root.Length + 1))``."
     |                            ~~~~~~~~~~~~~~~~~~~~~~~~~~~~~~~~~~~~~~~~
     | You cannot call a method on a null-valued expression.
InvalidOperation: 
Line |
   2 |  … e.ExitCode). Review ``$($Failure.Log.Substring($Root.Length + 1))``."
     |                            ~~~~~~~~~~~~~~~~~~~~~~~~~~~~~~~~~~~~~~~~
     | You cannot call a method on a null-valued expression.
InvalidOperation: 
Line |
   2 |  … e.ExitCode). Review ``$($Failure.Log.Substring($Root.Length + 1))``."
     |                            ~~~~~~~~~~~~~~~~~~~~~~~~~~~~~~~~~~~~~~~~
     | You cannot call a method on a null-valued expression.
InvalidOperation: 
Line |
   2 |  … e.ExitCode). Review ``$($Failure.Log.Substring($Root.Length + 1))``."
     |                            ~~~~~~~~~~~~~~~~~~~~~~~~~~~~~~~~~~~~~~~~
     | You cannot call a method on a null-valued expression.
InvalidOperation: 
Line |
   2 |  … e.ExitCode). Review ``$($Failure.Log.Substring($Root.Length + 1))``."
     |                            ~~~~~~~~~~~~~~~~~~~~~~~~~~~~~~~~~~~~~~~~
     | You cannot call a method on a null-valued expression.
InvalidOperation: 
Line |
   2 |  … e.ExitCode). Review ``$($Failure.Log.Substring($Root.Length + 1))``."
     |                            ~~~~~~~~~~~~~~~~~~~~~~~~~~~~~~~~~~~~~~~~
     | You cannot call a method on a null-valued expression.
InvalidOperation: 
Line |
   2 |  … e.ExitCode). Review ``$($Failure.Log.Substring($Root.Length + 1))``."
     |                            ~~~~~~~~~~~~~~~~~~~~~~~~~~~~~~~~~~~~~~~~
     | You cannot call a method on a null-valued expression.
InvalidOperation: 
Line |
   2 |  … e.ExitCode). Review ``$($Failure.Log.Substring($Root.Length + 1))``."
     |                            ~~~~~~~~~~~~~~~~~~~~~~~~~~~~~~~~~~~~~~~~
     | You cannot call a method on a null-valued expression.
InvalidOperation: 
Line |
   2 |  … e.ExitCode). Review ``$($Failure.Log.Substring($Root.Length + 1))``."
     |                            ~~~~~~~~~~~~~~~~~~~~~~~~~~~~~~~~~~~~~~~~
     | You cannot call a method on a null-valued expression.
InvalidOperation: 
Line |
   2 |  … e.ExitCode). Review ``$($Failure.Log.Substring($Root.Length + 1))``."
     |                            ~~~~~~~~~~~~~~~~~~~~~~~~~~~~~~~~~~~~~~~~
     | You cannot call a method on a null-valued expression.
InvalidOperation: 
Line |
   2 |  … e.ExitCode). Review ``$($Failure.Log.Substring($Root.Length + 1))``."
     |                            ~~~~~~~~~~~~~~~~~~~~~~~~~~~~~~~~~~~~~~~~
     | You cannot call a method on a null-valued expression.
InvalidOperation: 
Line |
   2 |  … e.ExitCode). Review ``$($Failure.Log.Substring($Root.Length + 1))``."
     |                            ~~~~~~~~~~~~~~~~~~~~~~~~~~~~~~~~~~~~~~~~
     | You cannot call a method on a null-valued expression.
InvalidOperation: 
Line |
   2 |  … e.ExitCode). Review ``$($Failure.Log.Substring($Root.Length + 1))``."
     |                            ~~~~~~~~~~~~~~~~~~~~~~~~~~~~~~~~~~~~~~~~
     | You cannot call a method on a null-valued expression.
InvalidOperation: 
Line |
   2 |  … e.ExitCode). Review ``$($Failure.Log.Substring($Root.Length + 1))``."
     |                            ~~~~~~~~~~~~~~~~~~~~~~~~~~~~~~~~~~~~~~~~
     | You cannot call a method on a null-valued expression.
InvalidOperation: 
Line |
   2 |  … e.ExitCode). Review ``$($Failure.Log.Substring($Root.Length + 1))``."
     |                            ~~~~~~~~~~~~~~~~~~~~~~~~~~~~~~~~~~~~~~~~
     | You cannot call a method on a null-valued expression.
InvalidOperation: 
Line |
   2 |  … e.ExitCode). Review ``$($Failure.Log.Substring($Root.Length + 1))``."
     |                            ~~~~~~~~~~~~~~~~~~~~~~~~~~~~~~~~~~~~~~~~
     | You cannot call a method on a null-valued expression.
InvalidOperation: 
Line |
   2 |  … e.ExitCode). Review ``$($Failure.Log.Substring($Root.Length + 1))``."
     |                            ~~~~~~~~~~~~~~~~~~~~~~~~~~~~~~~~~~~~~~~~
     | You cannot call a method on a null-valued expression.
InvalidOperation: 
Line |
   2 |  … e.ExitCode). Review ``$($Failure.Log.Substring($Root.Length + 1))``."
     |                            ~~~~~~~~~~~~~~~~~~~~~~~~~~~~~~~~~~~~~~~~
     | You cannot call a method on a null-valued expression.
InvalidOperation: 
Line |
   2 |  … e.ExitCode). Review ``$($Failure.Log.Substring($Root.Length + 1))``."
     |                            ~~~~~~~~~~~~~~~~~~~~~~~~~~~~~~~~~~~~~~~~
     | You cannot call a method on a null-valued expression.
InvalidOperation: 
Line |
   2 |  … e.ExitCode). Review ``$($Failure.Log.Substring($Root.Length + 1))``."
     |                            ~~~~~~~~~~~~~~~~~~~~~~~~~~~~~~~~~~~~~~~~
     | You cannot call a method on a null-valued expression.
InvalidOperation: 
Line |
   2 |  … e.ExitCode). Review ``$($Failure.Log.Substring($Root.Length + 1))``."
     |                            ~~~~~~~~~~~~~~~~~~~~~~~~~~~~~~~~~~~~~~~~
     | You cannot call a method on a null-valued expression.
InvalidOperation: 
Line |
   2 |  … e.ExitCode). Review ``$($Failure.Log.Substring($Root.Length + 1))``."
     |                            ~~~~~~~~~~~~~~~~~~~~~~~~~~~~~~~~~~~~~~~~
     | You cannot call a method on a null-valued expression.
InvalidOperation: 
Line |
   2 |  … e.ExitCode). Review ``$($Failure.Log.Substring($Root.Length + 1))``."
     |                            ~~~~~~~~~~~~~~~~~~~~~~~~~~~~~~~~~~~~~~~~
     | You cannot call a method on a null-valued expression.
InvalidOperation: 
Line |
   2 |  … e.ExitCode). Review ``$($Failure.Log.Substring($Root.Length + 1))``."
     |                            ~~~~~~~~~~~~~~~~~~~~~~~~~~~~~~~~~~~~~~~~
     | You cannot call a method on a null-valued expression.
InvalidOperation: 
Line |
   2 |  … e.ExitCode). Review ``$($Failure.Log.Substring($Root.Length + 1))``."
     |                            ~~~~~~~~~~~~~~~~~~~~~~~~~~~~~~~~~~~~~~~~
     | You cannot call a method on a null-valued expression.
InvalidOperation: 
Line |
   2 |  … e.ExitCode). Review ``$($Failure.Log.Substring($Root.Length + 1))``."
     |                            ~~~~~~~~~~~~~~~~~~~~~~~~~~~~~~~~~~~~~~~~
     | You cannot call a method on a null-valued expression.
InvalidOperation: 
Line |
   2 |  … e.ExitCode). Review ``$($Failure.Log.Substring($Root.Length + 1))``."
     |                            ~~~~~~~~~~~~~~~~~~~~~~~~~~~~~~~~~~~~~~~~
     | You cannot call a method on a null-valued expression.
InvalidOperation: 
Line |
   2 |  … e.ExitCode). Review ``$($Failure.Log.Substring($Root.Length + 1))``."
     |                            ~~~~~~~~~~~~~~~~~~~~~~~~~~~~~~~~~~~~~~~~
     | You cannot call a method on a null-valued expression.
InvalidOperation: 
Line |
   2 |  … e.ExitCode). Review ``$($Failure.Log.Substring($Root.Length + 1))``."
     |                            ~~~~~~~~~~~~~~~~~~~~~~~~~~~~~~~~~~~~~~~~
     | You cannot call a method on a null-valued expression.
InvalidOperation: 
Line |
   2 |  … e.ExitCode). Review ``$($Failure.Log.Substring($Root.Length + 1))``."
     |                            ~~~~~~~~~~~~~~~~~~~~~~~~~~~~~~~~~~~~~~~~
     | You cannot call a method on a null-valued expression.
InvalidOperation: 
Line |
   2 |  … e.ExitCode). Review ``$($Failure.Log.Substring($Root.Length + 1))``."
     |                            ~~~~~~~~~~~~~~~~~~~~~~~~~~~~~~~~~~~~~~~~
     | You cannot call a method on a null-valued expression.
InvalidOperation: 
Line |
   2 |  … e.ExitCode). Review ``$($Failure.Log.Substring($Root.Length + 1))``."
     |                            ~~~~~~~~~~~~~~~~~~~~~~~~~~~~~~~~~~~~~~~~
     | You cannot call a method on a null-valued expression.
InvalidOperation: 
Line |
   2 |  … e.ExitCode). Review ``$($Failure.Log.Substring($Root.Length + 1))``."
     |                            ~~~~~~~~~~~~~~~~~~~~~~~~~~~~~~~~~~~~~~~~
     | You cannot call a method on a null-valued expression.
InvalidOperation: 
Line |
   2 |  … e.ExitCode). Review ``$($Failure.Log.Substring($Root.Length + 1))``."
     |                            ~~~~~~~~~~~~~~~~~~~~~~~~~~~~~~~~~~~~~~~~
     | You cannot call a method on a null-valued expression.
InvalidOperation: 
Line |
   2 |  … e.ExitCode). Review ``$($Failure.Log.Substring($Root.Length + 1))``."
     |                            ~~~~~~~~~~~~~~~~~~~~~~~~~~~~~~~~~~~~~~~~
     | You cannot call a method on a null-valued expression.
InvalidOperation: 
Line |
   2 |  … e.ExitCode). Review ``$($Failure.Log.Substring($Root.Length + 1))``."
     |                            ~~~~~~~~~~~~~~~~~~~~~~~~~~~~~~~~~~~~~~~~
     | You cannot call a method on a null-valued expression.
InvalidOperation: 
Line |
   2 |  … e.ExitCode). Review ``$($Failure.Log.Substring($Root.Length + 1))``."
     |                            ~~~~~~~~~~~~~~~~~~~~~~~~~~~~~~~~~~~~~~~~
     | You cannot call a method on a null-valued expression.
InvalidOperation: 
Line |
   2 |  … e.ExitCode). Review ``$($Failure.Log.Substring($Root.Length + 1))``."
     |                            ~~~~~~~~~~~~~~~~~~~~~~~~~~~~~~~~~~~~~~~~
     | You cannot call a method on a null-valued expression.
InvalidOperation: 
Line |
   2 |  … e.ExitCode). Review ``$($Failure.Log.Substring($Root.Length + 1))``."
     |                            ~~~~~~~~~~~~~~~~~~~~~~~~~~~~~~~~~~~~~~~~
     | You cannot call a method on a null-valued expression.
InvalidOperation: 
Line |
   2 |  … e.ExitCode). Review ``$($Failure.Log.Substring($Root.Length + 1))``."
     |                            ~~~~~~~~~~~~~~~~~~~~~~~~~~~~~~~~~~~~~~~~
     | You cannot call a method on a null-valued expression.
InvalidOperation: 
Line |
   2 |  … e.ExitCode). Review ``$($Failure.Log.Substring($Root.Length + 1))``."
     |                            ~~~~~~~~~~~~~~~~~~~~~~~~~~~~~~~~~~~~~~~~
     | You cannot call a method on a null-valued expression.
InvalidOperation: 
Line |
   2 |  … e.ExitCode). Review ``$($Failure.Log.Substring($Root.Length + 1))``."
     |                            ~~~~~~~~~~~~~~~~~~~~~~~~~~~~~~~~~~~~~~~~
     | You cannot call a method on a null-valued expression.
InvalidOperation: 
Line |
   2 |  … e.ExitCode). Review ``$($Failure.Log.Substring($Root.Length + 1))``."
     |                            ~~~~~~~~~~~~~~~~~~~~~~~~~~~~~~~~~~~~~~~~
     | You cannot call a method on a null-valued expression.
InvalidOperation: 
Line |
   2 |  … e.ExitCode). Review ``$($Failure.Log.Substring($Root.Length + 1))``."
     |                            ~~~~~~~~~~~~~~~~~~~~~~~~~~~~~~~~~~~~~~~~
     | You cannot call a method on a null-valued expression.
InvalidOperation: 
Line |
   2 |  … e.ExitCode). Review ``$($Failure.Log.Substring($Root.Length + 1))``."
     |                            ~~~~~~~~~~~~~~~~~~~~~~~~~~~~~~~~~~~~~~~~
     | You cannot call a method on a null-valued expression.
InvalidOperation: 
Line |
   2 |  … e.ExitCode). Review ``$($Failure.Log.Substring($Root.Length + 1))``."
     |                            ~~~~~~~~~~~~~~~~~~~~~~~~~~~~~~~~~~~~~~~~
     | You cannot call a method on a null-valued expression.
InvalidOperation: 
Line |
   2 |  … e.ExitCode). Review ``$($Failure.Log.Substring($Root.Length + 1))``."
     |                            ~~~~~~~~~~~~~~~~~~~~~~~~~~~~~~~~~~~~~~~~
     | You cannot call a method on a null-valued expression.
InvalidOperation: 
Line |
   2 |  … e.ExitCode). Review ``$($Failure.Log.Substring($Root.Length + 1))``."
     |                            ~~~~~~~~~~~~~~~~~~~~~~~~~~~~~~~~~~~~~~~~
     | You cannot call a method on a null-valued expression.
InvalidOperation: 
Line |
   2 |  … e.ExitCode). Review ``$($Failure.Log.Substring($Root.Length + 1))``."
     |                            ~~~~~~~~~~~~~~~~~~~~~~~~~~~~~~~~~~~~~~~~
     | You cannot call a method on a null-valued expression.
InvalidOperation: 
Line |
   2 |  … e.ExitCode). Review ``$($Failure.Log.Substring($Root.Length + 1))``."
     |                            ~~~~~~~~~~~~~~~~~~~~~~~~~~~~~~~~~~~~~~~~
     | You cannot call a method on a null-valued expression.
InvalidOperation: 
Line |
   2 |  … e.ExitCode). Review ``$($Failure.Log.Substring($Root.Length + 1))``."
     |                            ~~~~~~~~~~~~~~~~~~~~~~~~~~~~~~~~~~~~~~~~
     | You cannot call a method on a null-valued expression.
InvalidOperation: 
Line |
   2 |  … e.ExitCode). Review ``$($Failure.Log.Substring($Root.Length + 1))``."
     |                            ~~~~~~~~~~~~~~~~~~~~~~~~~~~~~~~~~~~~~~~~
     | You cannot call a method on a null-valued expression.
InvalidOperation: 
Line |
   2 |  … e.ExitCode). Review ``$($Failure.Log.Substring($Root.Length + 1))``."
     |                            ~~~~~~~~~~~~~~~~~~~~~~~~~~~~~~~~~~~~~~~~
     | You cannot call a method on a null-valued expression.
InvalidOperation: 
Line |
   2 |  … e.ExitCode). Review ``$($Failure.Log.Substring($Root.Length + 1))``."
     |                            ~~~~~~~~~~~~~~~~~~~~~~~~~~~~~~~~~~~~~~~~
     | You cannot call a method on a null-valued expression.
InvalidOperation: 
Line |
   2 |  … e.ExitCode). Review ``$($Failure.Log.Substring($Root.Length + 1))``."
     |                            ~~~~~~~~~~~~~~~~~~~~~~~~~~~~~~~~~~~~~~~~
     | You cannot call a method on a null-valued expression.
InvalidOperation: 
Line |
   2 |  … e.ExitCode). Review ``$($Failure.Log.Substring($Root.Length + 1))``."
     |                            ~~~~~~~~~~~~~~~~~~~~~~~~~~~~~~~~~~~~~~~~
     | You cannot call a method on a null-valued expression.
InvalidOperation: 
Line |
   2 |  … e.ExitCode). Review ``$($Failure.Log.Substring($Root.Length + 1))``."
     |                            ~~~~~~~~~~~~~~~~~~~~~~~~~~~~~~~~~~~~~~~~
     | You cannot call a method on a null-valued expression.
InvalidOperation: 
Line |
   2 |  … e.ExitCode). Review ``$($Failure.Log.Substring($Root.Length + 1))``."
     |                            ~~~~~~~~~~~~~~~~~~~~~~~~~~~~~~~~~~~~~~~~
     | You cannot call a method on a null-valued expression.
InvalidOperation: 
Line |
   2 |  … e.ExitCode). Review ``$($Failure.Log.Substring($Root.Length + 1))``."
     |                            ~~~~~~~~~~~~~~~~~~~~~~~~~~~~~~~~~~~~~~~~
     | You cannot call a method on a null-valued expression.
InvalidOperation: 
Line |
   2 |  … e.ExitCode). Review ``$($Failure.Log.Substring($Root.Length + 1))``."
     |                            ~~~~~~~~~~~~~~~~~~~~~~~~~~~~~~~~~~~~~~~~
     | You cannot call a method on a null-valued expression.
InvalidOperation: 
Line |
   2 |  … e.ExitCode). Review ``$($Failure.Log.Substring($Root.Length + 1))``."
     |                            ~~~~~~~~~~~~~~~~~~~~~~~~~~~~~~~~~~~~~~~~
     | You cannot call a method on a null-valued expression.
InvalidOperation: 
Line |
   2 |  … e.ExitCode). Review ``$($Failure.Log.Substring($Root.Length + 1))``."
     |                            ~~~~~~~~~~~~~~~~~~~~~~~~~~~~~~~~~~~~~~~~
     | You cannot call a method on a null-valued expression.
InvalidOperation: 
Line |
   2 |  … e.ExitCode). Review ``$($Failure.Log.Substring($Root.Length + 1))``."
     |                            ~~~~~~~~~~~~~~~~~~~~~~~~~~~~~~~~~~~~~~~~
     | You cannot call a method on a null-valued expression.
InvalidOperation: 
Line |
   2 |  … e.ExitCode). Review ``$($Failure.Log.Substring($Root.Length + 1))``."
     |                            ~~~~~~~~~~~~~~~~~~~~~~~~~~~~~~~~~~~~~~~~
     | You cannot call a method on a null-valued expression.
InvalidOperation: 
Line |
   2 |  … e.ExitCode). Review ``$($Failure.Log.Substring($Root.Length + 1))``."
     |                            ~~~~~~~~~~~~~~~~~~~~~~~~~~~~~~~~~~~~~~~~
     | You cannot call a method on a null-valued expression.
InvalidOperation: 
Line |
   2 |  … e.ExitCode). Review ``$($Failure.Log.Substring($Root.Length + 1))``."
     |                            ~~~~~~~~~~~~~~~~~~~~~~~~~~~~~~~~~~~~~~~~
     | You cannot call a method on a null-valued expression.
InvalidOperation: 
Line |
   2 |  … e.ExitCode). Review ``$($Failure.Log.Substring($Root.Length + 1))``."
     |                            ~~~~~~~~~~~~~~~~~~~~~~~~~~~~~~~~~~~~~~~~
     | You cannot call a method on a null-valued expression.
InvalidOperation: 
Line |
   2 |  … e.ExitCode). Review ``$($Failure.Log.Substring($Root.Length + 1))``."
     |                            ~~~~~~~~~~~~~~~~~~~~~~~~~~~~~~~~~~~~~~~~
     | You cannot call a method on a null-valued expression.
InvalidOperation: 
Line |
   2 |  … e.ExitCode). Review ``$($Failure.Log.Substring($Root.Length + 1))``."
     |                            ~~~~~~~~~~~~~~~~~~~~~~~~~~~~~~~~~~~~~~~~
     | You cannot call a method on a null-valued expression.
PS C:\Users\James\Development\platform> if ($PlaceholderMatches.Count -gt 0) {
    $IssueLines += "- ⚠️ $($PlaceholderMatches.Count) placeholder, stub, TODO, or demo-data references require review."
}
PS C:\Users\James\Development\platform> if ($DuplicateAssets.Count -gt 0) {
    $IssueLines += "- ⚠️ $($DuplicateAssets.Count) groups of byte-identical visual assets were detected."
}
PS C:\Users\James\Development\platform> $MissingExpectedManifests = @(
    $ExpectedManifests | Where-Object {
        @($ManifestFiles | Where-Object Name -eq $_).Count -eq 0
    }
)
PS C:\Users\James\Development\platform> if ($MissingExpectedManifests.Count -gt 0) {
    $IssueLines += "- ❌ Missing expected manifests: $($MissingExpectedManifests -join ', ')."
}
PS C:\Users\James\Development\platform> if (-not ($SystemRows | Where-Object System -eq "VEOS" | Select-Object -ExpandProperty Evidence) -or
    ($SystemRows | Where-Object System -eq "VEOS").Evidence -eq "None") {
    $IssueLines += "- ⚠️ No canonical VEOS implementation path was discovered using the expected locations."
}
PS C:\Users\James\Development\platform> $IssueLines += @(
    "- Human review is required to classify every route as public, internal, restricted, or future-stage.",
    "- Participant and case-management routes require authentication and privacy review before real data is processed.",
    "- Compilation does not prove operational completeness, recommendation quality, legal compliance, or production security.",
    "- Lighthouse, keyboard, screen-reader, reduced-motion, and responsive visual testing remain separate launch gates."
)
PS C:\Users\James\Development\platform> Add-Section $IssuesFile "Findings" $IssueLines
PS C:\Users\James\Development\platform> # ------------------------------------------------------------
PS C:\Users\James\Development\platform> # Executive summary
PS C:\Users\James\Development\platform> # ------------------------------------------------------------
PS C:\Users\James\Development\platform> Write-Heading -Path $SummaryFile -Title "A Brilliant Change Platform Audit Executive Summary"
PS C:\Users\James\Development\platform> $TypeResult = $CommandResults | Where-Object Name -eq "typescript" | Select-Object -First 1
PS C:\Users\James\Development\platform> $BuildResult = $CommandResults | Where-Object Name -eq "production-build" | Select-Object -First 1
PS C:\Users\James\Development\platform> $LintResult = $CommandResults | Where-Object Name -eq "lint" | Select-Object -First 1
PS C:\Users\James\Development\platform> $TestResult = $CommandResults | Where-Object Name -eq "test" | Select-Object -First 1
PS C:\Users\James\Development\platform> $AuditResult = $CommandResults | Where-Object Name -eq "npm-audit" | Select-Object -First 1
PS C:\Users\James\Development\platform> $VerifiedSystemCount = @(
    $SystemRows | Where-Object Evidence -ne "None"
).Count
PS C:\Users\James\Development\platform> $MissingSystemCount = @(
    $SystemRows | Where-Object Evidence -eq "None"
).Count
PS C:\Users\James\Development\platform> Add-Section $SummaryFile "Evidence Snapshot" @(
    "- Files inventoried: **$($AllFiles.Count)**",
    "- Directories inventoried: **$($Directories.Count)**",
    "- Application routes discovered: **$($RoutePages.Count)**",
    "- Engines, registries, validators, and intelligence files discovered: **$($EngineRows.Count)**",
    "- Public image assets discovered: **$($Assets.Count)**",
    "- Manifests discovered: **$($ManifestFiles.Count)**",
    "- Architecture systems with path evidence: **$VerifiedSystemCount**",
    "- Architecture systems without expected path evidence: **$MissingSystemCount**",
    "- Placeholder, stub, TODO, or demo-data references: **$($PlaceholderMatches.Count)**"
)
PS C:\Users\James\Development\platform> function Format-Check {
    param($Result, [string]$UnavailableMessage)

    if ($null -eq $Result) {
        return "⚠️ $UnavailableMessage"
    }

    if ($Result.Passed) {
        return "✅ Passed"
    }

    return "❌ Failed"
}
PS C:\Users\James\Development\platform> Add-Section $SummaryFile "Automated Verification" @(
    "- TypeScript: $(Format-Check $TypeResult 'Not run')",
    "- Production build: $(Format-Check $BuildResult 'No build script or not run')",
    "- Lint: $(Format-Check $LintResult 'No lint script or not run')",
    "- Tests: $(Format-Check $TestResult 'No test script or not run')",
    "- Dependency audit: $(Format-Check $AuditResult 'Not run')"
)
PS C:\Users\James\Development\platform> Add-Section $SummaryFile "Evidence-Based Status Rule" @(
    "No subsystem should be marked complete solely because a directory, route, engine, or manifest exists.",
    "Production completion requires implementation evidence, runtime verification, governance validation, security review, accessibility testing, and accountable human approval."
)
PS C:\Users\James\Development\platform> Add-Section $SummaryFile "Audit Package" @(
    "- ./IMPLEMENTATION_INVENTORY.md",
    "- ./ROUTE_INVENTORY.md",
    "- ./ENGINE_INVENTORY.md",
    "- ./ASSET_INVENTORY.md",
    "- ./MANIFEST_AUDIT.md",
    "- ./PLACEHOLDER_AND_STUB_AUDIT.md",
    "- ./SECURITY_AUDIT.md",
    "- ./BUILD_VERIFICATION.md",
    "- ./GIT_STATUS.md",
    "- ./KNOWN_ISSUES.md"
)
PS C:\Users\James\Development\platform> Stop-Transcript | Out-Null
**********************
PowerShell transcript end
End time: 20260829051511
**********************
